MSA,year,code,count,count_patient,prevalence
10420,2016,A00-B99,10056,75040,0.1340085287846482
10420,2016,C00-D49,9797,75040,0.13055703624733475
10420,2016,D50-D89,4898,75040,0.06527185501066098
10420,2016,E00-E89,25231,75040,0.33623400852878466
10420,2016,F01-F99,19974,75040,0.2661780383795309
10420,2016,G00-G99,13928,75040,0.18560767590618338
10420,2016,H00-H59,10747,75040,0.14321695095948828
10420,2016,H60-H95,8739,75040,0.11645788912579957
10420,2016,I00-I99,18354,75040,0.24458955223880596
10420,2016,J00-J99,28819,75040,0.3840485074626866
10420,2016,K00-K95,15146,75040,0.20183901918976546
10420,2016,L00-L99,16723,75040,0.2228544776119403
10420,2016,M00-M99,26418,75040,0.35205223880597014
10420,2016,N00-N99,16222,75040,0.21617803837953092
10420,2016,O00-O9A,2183,75040,0.029091151385927504
10420,2016,P00-P96,801,75040,0.010674307036247334
10420,2016,Q00-Q99,1929,75040,0.025706289978678038
10420,2016,R00-R99,37676,75040,0.5020788912579958
10420,2016,S00-T88,14574,75040,0.19421641791044778
10420,2016,V00-Y99,4093,75040,0.05454424307036247
10420,2016,Z00-Z99,57048,75040,0.7602345415778251
10420,2017,A00-B99,8977,63461,0.14145695781661177
10420,2017,C00-D49,8841,63461,0.13931390933013976
10420,2017,D50-D89,4299,63461,0.0677423929657585
10420,2017,E00-E89,22545,63461,0.3552575597611131
10420,2017,F01-F99,17679,63461,0.2785805455319015
10420,2017,G00-G99,12511,63461,0.19714470304596524
10420,2017,H00-H59,9455,63461,0.1489891429381825
10420,2017,H60-H95,7467,63461,0.11766281653298877
10420,2017,I00-I99,15922,63461,0.2508942500118183
10420,2017,J00-J99,25005,63461,0.3940215250311215
10420,2017,K00-K95,12969,63461,0.20436173397834892
10420,2017,L00-L99,14760,63461,0.2325837916200501
10420,2017,M00-M99,22523,63461,0.35491089015300736
10420,2017,N00-N99,13888,63461,0.2188430689714943
10420,2017,O00-O9A,1830,63461,0.02883660831061597
10420,2017,P00-P96,718,63461,0.011314035391815446
10420,2017,Q00-Q99,1655,63461,0.026079009155229194
10420,2017,R00-R99,32777,63461,0.5164904429492129
10420,2017,S00-T88,12152,63461,0.19148768535005753
10420,2017,V00-Y99,3290,63461,0.05184286412127133
10420,2017,Z00-Z99,49486,63461,0.779786010305542
10420,2018,A00-B99,8409,57907,0.1452156043310826
10420,2018,C00-D49,7852,57907,0.13559673269207523
10420,2018,D50-D89,3860,57907,0.0666586077676274
10420,2018,E00-E89,20752,57907,0.3583677275631616
10420,2018,F01-F99,17045,57907,0.29435128740912153
10420,2018,G00-G99,11773,57907,0.20330875369126358
10420,2018,H00-H59,8164,57907,0.14098468233546893
10420,2018,H60-H95,6982,57907,0.12057264234030428
10420,2018,I00-I99,13945,57907,0.24081717236258138
10420,2018,J00-J99,21976,57907,0.37950506847186005
10420,2018,K00-K95,11966,57907,0.20664168407964495
10420,2018,L00-L99,13353,57907,0.2305938832956292
10420,2018,M00-M99,20429,57907,0.3527898181566995
10420,2018,N00-N99,12545,57907,0.21664047524478905
10420,2018,O00-O9A,1656,57907,0.028597578876474346
10420,2018,P00-P96,725,57907,0.012520075293142453
10420,2018,Q00-Q99,1545,57907,0.026680712176420814
10420,2018,R00-R99,30412,57907,0.5251869376759286
10420,2018,S00-T88,11030,57907,0.1904778351494638
10420,2018,V00-Y99,3197,57907,0.05520921477541575
10420,2018,Z00-Z99,45725,57907,0.7896281969364671
10420,2019,A00-B99,7172,51048,0.140495220184924
10420,2019,C00-D49,7081,51048,0.13871258423444602
10420,2019,D50-D89,3538,51048,0.06930731860209999
10420,2019,E00-E89,18452,51048,0.36146372041999686
10420,2019,F01-F99,15612,51048,0.3058298072402445
10420,2019,G00-G99,10662,51048,0.20886224729666197
10420,2019,H00-H59,7278,51048,0.1425716972261401
10420,2019,H60-H95,6451,51048,0.1263712584234446
10420,2019,I00-I99,12285,51048,0.2406558533145275
10420,2019,J00-J99,19607,51048,0.38408948440683277
10420,2019,K00-K95,10678,51048,0.2091756777934493
10420,2019,L00-L99,11823,51048,0.23160554771979314
10420,2019,M00-M99,18100,51048,0.35456824949067545
10420,2019,N00-N99,11233,51048,0.22004779815076006
10420,2019,O00-O9A,1479,51048,0.0289727315467795
10420,2019,P00-P96,629,51048,0.012321736404952202
10420,2019,Q00-Q99,1377,51048,0.026974612129760225
10420,2019,R00-R99,27426,51048,0.5372590503055947
10420,2019,S00-T88,9889,51048,0.19371963642062373
10420,2019,V00-Y99,2755,51048,0.05396881366556966
10420,2019,Z00-Z99,40583,51048,0.7949968656950321
10420,2020,A00-B99,2970,23287,0.12753897024090693
10420,2020,C00-D49,2974,23287,0.12771073989779705
10420,2020,D50-D89,1478,23287,0.06346888822089577
10420,2020,E00-E89,7855,23287,0.3373126637179542
10420,2020,F01-F99,6987,23287,0.3000386481728003
10420,2020,G00-G99,4478,23287,0.19229613088847855
10420,2020,H00-H59,2579,23287,0.11074848627989865
10420,2020,H60-H95,2072,23287,0.08897668226907716
10420,2020,I00-I99,5208,23287,0.2236440932709237
10420,2020,J00-J99,7222,23287,0.3101301155150943
10420,2020,K00-K95,4299,23287,0.1846094387426461
10420,2020,L00-L99,5027,23287,0.2158715162966462
10420,2020,M00-M99,7751,23287,0.33284665263881136
10420,2020,N00-N99,4690,23287,0.2013999227036544
10420,2020,O00-O9A,650,23287,0.027912569244642933
10420,2020,P00-P96,259,23287,0.011122085283634646
10420,2020,Q00-Q99,622,23287,0.026710181646412163
10420,2020,R00-R99,11854,23287,0.509039378193842
10420,2020,S00-T88,3926,23287,0.16859191823764333
10420,2020,U00-U85,621,23287,0.026667239232189634
10420,2020,V00-Y99,1092,23287,0.04689311633100013
10420,2020,Z00-Z99,19098,23287,0.8201142268218319
10420,2021,A00-B99,3422,27544,0.12423758350275922
10420,2021,C00-D49,3659,27544,0.13284199825733373
10420,2021,D50-D89,1900,27544,0.06898054022654662
10420,2021,E00-E89,9504,27544,0.3450479233226837
10420,2021,F01-F99,8481,27544,0.3079073482428115
10420,2021,G00-G99,5231,27544,0.18991431890792912
10420,2021,H00-H59,3110,27544,0.11291025268661051
10420,2021,H60-H95,2647,27544,0.09610078419982573
10420,2021,I00-I99,6000,27544,0.21783328492593668
10420,2021,J00-J99,8356,27544,0.3033691548068545
10420,2021,K00-K95,5231,27544,0.18991431890792912
10420,2021,L00-L99,6208,27544,0.22538483880336915
10420,2021,M00-M99,9030,27544,0.3278390938135347
10420,2021,N00-N99,5648,27544,0.20505373221028173
10420,2021,O00-O9A,729,27544,0.026466744118501306
10420,2021,P00-P96,348,27544,0.012634330525704328
10420,2021,Q00-Q99,788,27544,0.02860877142027302
10420,2021,R00-R99,14415,27544,0.5233444670345628
10420,2021,S00-T88,4820,27544,0.17499273889050246
10420,2021,U00-U85,2007,27544,0.07286523380772582
10420,2021,V00-Y99,1462,27544,0.05307871042695324
10420,2021,Z00-Z99,24036,27544,0.8726401394133023
15940,2016,A00-B99,3515,28070,0.12522265764161025
15940,2016,C00-D49,3369,28070,0.12002137513359458
15940,2016,D50-D89,1637,28070,0.058318489490559317
15940,2016,E00-E89,9060,28070,0.32276451727823297
15940,2016,F01-F99,7097,28070,0.2528322052012825
15940,2016,G00-G99,4655,28070,0.1658354114713217
15940,2016,H00-H59,3447,28070,0.12280014250089064
15940,2016,H60-H95,3450,28070,0.12290701816886355
15940,2016,I00-I99,6227,28070,0.2218382614891343
15940,2016,J00-J99,10959,28070,0.3904168151050944
15940,2016,K00-K95,5599,28070,0.19946562166013537
15940,2016,L00-L99,5652,28070,0.20135375846099038
15940,2016,M00-M99,9601,28070,0.3420377627360171
15940,2016,N00-N99,5713,28070,0.20352689704310653
15940,2016,O00-O9A,830,28070,0.029568934805842537
15940,2016,P00-P96,284,28070,0.010117563234770217
15940,2016,Q00-Q99,674,28070,0.024011400071250445
15940,2016,R00-R99,13649,28070,0.48624866405415035
15940,2016,S00-T88,5769,28070,0.20552190951193444
15940,2016,V00-Y99,1014,28070,0.03612397577484859
15940,2016,Z00-Z99,21153,28070,0.753580334877093
15940,2017,A00-B99,3734,30400,0.12282894736842105
15940,2017,C00-D49,3688,30400,0.12131578947368421
15940,2017,D50-D89,1984,30400,0.06526315789473684
15940,2017,E00-E89,10154,30400,0.33401315789473685
15940,2017,F01-F99,7995,30400,0.26299342105263157
15940,2017,G00-G99,5338,30400,0.17559210526315788
15940,2017,H00-H59,3672,30400,0.12078947368421053
15940,2017,H60-H95,3705,30400,0.121875
15940,2017,I00-I99,6726,30400,0.22125
15940,2017,J00-J99,12142,30400,0.39940789473684213
15940,2017,K00-K95,6021,30400,0.19805921052631578
15940,2017,L00-L99,6227,30400,0.20483552631578947
15940,2017,M00-M99,10198,30400,0.3354605263157895
15940,2017,N00-N99,6386,30400,0.2100657894736842
15940,2017,O00-O9A,954,30400,0.03138157894736842
15940,2017,P00-P96,333,30400,0.010953947368421053
15940,2017,Q00-Q99,745,30400,0.02450657894736842
15940,2017,R00-R99,15137,30400,0.49792763157894737
15940,2017,S00-T88,5978,30400,0.19664473684210526
15940,2017,V00-Y99,1005,30400,0.03305921052631579
15940,2017,Z00-Z99,23581,30400,0.7756907894736842
15940,2018,A00-B99,4226,33699,0.12540431466809104
15940,2018,C00-D49,3987,33699,0.11831211608653076
15940,2018,D50-D89,2165,33699,0.0642452298287783
15940,2018,E00-E89,11947,33699,0.3545209056648565
15940,2018,F01-F99,9616,33699,0.28534971364135436
15940,2018,G00-G99,6182,33699,0.18344758004688566
15940,2018,H00-H59,4623,33699,0.13718507967595478
15940,2018,H60-H95,4181,33699,0.12406896347072613
15940,2018,I00-I99,7451,33699,0.22110448381257605
15940,2018,J00-J99,12650,33699,0.37538205881480163
15940,2018,K00-K95,6839,33699,0.20294370752841331
15940,2018,L00-L99,6954,33699,0.20635627169945694
15940,2018,M00-M99,11607,33699,0.3444315855069883
15940,2018,N00-N99,7009,33699,0.2079883676073474
15940,2018,O00-O9A,1013,33699,0.030060239176236684
15940,2018,P00-P96,390,33699,0.01157304371049586
15940,2018,Q00-Q99,890,33699,0.026410279236772603
15940,2018,R00-R99,17125,33699,0.5081753167749785
15940,2018,S00-T88,6564,33699,0.19478322798896108
15940,2018,V00-Y99,2207,33699,0.06549155761298554
15940,2018,Z00-Z99,27099,33699,0.804148491053147
15940,2019,A00-B99,3863,30714,0.12577326300709774
15940,2019,C00-D49,3724,30714,0.1212476395129257
15940,2019,D50-D89,2052,30714,0.06680992381324477
15940,2019,E00-E89,10791,30714,0.35133815198280915
15940,2019,F01-F99,9113,30714,0.2967050856287035
15940,2019,G00-G99,5848,30714,0.1904017711792668
15940,2019,H00-H59,4237,30714,0.1379501204662369
15940,2019,H60-H95,4027,30714,0.13111284756137268
15940,2019,I00-I99,6851,30714,0.22305788891059453
15940,2019,J00-J99,11821,30714,0.384873347659048
15940,2019,K00-K95,6350,30714,0.2067461092661327
15940,2019,L00-L99,6417,30714,0.20892752490720845
15940,2019,M00-M99,10680,30714,0.3477241648759523
15940,2019,N00-N99,6440,30714,0.2096763690825031
15940,2019,O00-O9A,987,30714,0.03213518265286189
15940,2019,P00-P96,346,30714,0.011265221071823924
15940,2019,Q00-Q99,812,30714,0.026437455232141693
15940,2019,R00-R99,15937,30714,0.5188838965943869
15940,2019,S00-T88,6032,30714,0.196392524581624
15940,2019,V00-Y99,2327,30714,0.07576349547437651
15940,2019,Z00-Z99,25217,30714,0.8210262421045778
15940,2020,A00-B99,1742,13382,0.13017486175459572
15940,2020,C00-D49,1457,13382,0.10887759677178299
15940,2020,D50-D89,767,13382,0.05731579733971006
15940,2020,E00-E89,4408,13382,0.32939769840083694
15940,2020,F01-F99,3928,13382,0.2935286205350471
15940,2020,G00-G99,2359,13382,0.17628157226124644
15940,2020,H00-H59,1281,13382,0.0957256015543267
15940,2020,H60-H95,1269,13382,0.09482887460768197
15940,2020,I00-I99,2782,13382,0.20789119713047377
15940,2020,J00-J99,4269,13382,0.31901061126886865
15940,2020,K00-K95,2454,13382,0.1833806605888507
15940,2020,L00-L99,2628,13382,0.1963832013151995
15940,2020,M00-M99,4308,13382,0.32192497384546404
15940,2020,N00-N99,2536,13382,0.18950829472425645
15940,2020,O00-O9A,397,13382,0.02966671648483037
15940,2020,P00-P96,145,13382,0.010835450605290689
15940,2020,Q00-Q99,314,13382,0.023464355103870873
15940,2020,R00-R99,6756,13382,0.5048572709609924
15940,2020,S00-T88,2409,13382,0.1800179345389329
15940,2020,U00-U85,440,13382,0.03287998804364071
15940,2020,V00-Y99,776,13382,0.057988342549693615
15940,2020,Z00-Z99,11151,13382,0.8332835151696308
15940,2021,A00-B99,1899,13834,0.13727049298828972
15940,2021,C00-D49,1612,13834,0.11652450484314009
15940,2021,D50-D89,913,13834,0.0659968194303889
15940,2021,E00-E89,4723,13834,0.3414052334827237
15940,2021,F01-F99,4275,13834,0.309021251987856
15940,2021,G00-G99,2534,13834,0.18317189533034553
15940,2021,H00-H59,1457,13834,0.1053202255312997
15940,2021,H60-H95,1358,13834,0.09816394390631777
15940,2021,I00-I99,2941,13834,0.212592164233049
15940,2021,J00-J99,4230,13834,0.3057683967037733
15940,2021,K00-K95,2633,13834,0.19032817695532744
15940,2021,L00-L99,2848,13834,0.20586959664594479
15940,2021,M00-M99,4596,13834,0.33222495301431254
15940,2021,N00-N99,2656,13834,0.1919907474338586
15940,2021,O00-O9A,363,13834,0.026239699291600405
15940,2021,P00-P96,128,13834,0.009252566141390776
15940,2021,Q00-Q99,364,13834,0.02631198496458002
15940,2021,R00-R99,7234,13834,0.5229145583345381
15940,2021,S00-T88,2541,13834,0.18367789504120283
15940,2021,U00-U85,1102,13834,0.07965881162353622
15940,2021,V00-Y99,816,13834,0.0589851091513662
15940,2021,Z00-Z99,11951,13834,0.8638860777793841
17140,2016,A00-B99,41345,301089,0.13731820159487726
17140,2016,C00-D49,40101,301089,0.13318653288562518
17140,2016,D50-D89,15007,301089,0.04984240540172507
17140,2016,E00-E89,84825,301089,0.2817273297928519
17140,2016,F01-F99,69111,301089,0.22953678148321593
17140,2016,G00-G99,47306,301089,0.15711633437289307
17140,2016,H00-H59,44269,301089,0.14702961582787813
17140,2016,H60-H95,40042,301089,0.1329905775368745
17140,2016,I00-I99,61003,301089,0.20260786677693307
17140,2016,J00-J99,118851,301089,0.3947371043113498
17140,2016,K00-K95,52165,301089,0.17325441978949746
17140,2016,L00-L99,68725,301089,0.2282547685235927
17140,2016,M00-M99,96223,301089,0.31958324614980954
17140,2016,N00-N99,58921,301089,0.19569296786000154
17140,2016,O00-O9A,11970,301089,0.03975568685671014
17140,2016,P00-P96,5689,301089,0.018894745407504094
17140,2016,Q00-Q99,9307,301089,0.030911125946148813
17140,2016,R00-R99,141335,301089,0.4694126985708545
17140,2016,S00-T88,58681,301089,0.19489586135660883
17140,2016,V00-Y99,9279,301089,0.030818130187419666
17140,2016,Z00-Z99,242816,301089,0.8064592196991587
17140,2017,A00-B99,38098,258745,0.14724149258922878
17140,2017,C00-D49,35207,258745,0.1360683298227985
17140,2017,D50-D89,12847,258745,0.049651200989391096
17140,2017,E00-E89,72709,258745,0.2810063962588649
17140,2017,F01-F99,59924,258745,0.2315948134263464
17140,2017,G00-G99,41690,258745,0.1611238864519121
17140,2017,H00-H59,36320,258745,0.1403698622195598
17140,2017,H60-H95,34170,258745,0.13206052290865525
17140,2017,I00-I99,51338,258745,0.19841156350847358
17140,2017,J00-J99,102747,258745,0.3970975284546561
17140,2017,K00-K95,44277,258745,0.17112214728787029
17140,2017,L00-L99,59528,258745,0.23006434906954723
17140,2017,M00-M99,82588,258745,0.3191868441902259
17140,2017,N00-N99,49134,258745,0.18989352451255095
17140,2017,O00-O9A,10128,258745,0.039142785367833194
17140,2017,P00-P96,4924,258745,0.01903031942646235
17140,2017,Q00-Q99,7994,258745,0.030895283000637694
17140,2017,R00-R99,123093,258745,0.475730931998686
17140,2017,S00-T88,49931,258745,0.19297377727105838
17140,2017,V00-Y99,8314,258745,0.03213202187481884
17140,2017,Z00-Z99,212745,258745,0.8222187868364607
17140,2018,A00-B99,28524,191182,0.14919814626900021
17140,2018,C00-D49,26862,191182,0.1405048592440711
17140,2018,D50-D89,9690,191182,0.05068468788902721
17140,2018,E00-E89,55830,191182,0.2920253998807419
17140,2018,F01-F99,47425,191182,0.2480620560513019
17140,2018,G00-G99,32097,191182,0.1678871441872143
17140,2018,H00-H59,25971,191182,0.1358443786548943
17140,2018,H60-H95,25326,191182,0.13247063008023768
17140,2018,I00-I99,38993,191182,0.2039574855373414
17140,2018,J00-J99,75784,191182,0.3963971503593435
17140,2018,K00-K95,33902,191182,0.1773284095783076
17140,2018,L00-L99,44375,191182,0.23210867131842955
17140,2018,M00-M99,62416,191182,0.32647424966785576
17140,2018,N00-N99,36324,191182,0.1899969662415918
17140,2018,O00-O9A,6945,191182,0.0363266416294421
17140,2018,P00-P96,3248,191182,0.01698904708602274
17140,2018,Q00-Q99,5932,191182,0.031028025650950402
17140,2018,R00-R99,94350,191182,0.4935088031300018
17140,2018,S00-T88,36882,191182,0.19291565105501565
17140,2018,V00-Y99,5262,191182,0.027523511627663692
17140,2018,Z00-Z99,160438,191182,0.8391898818926468
17140,2019,A00-B99,24941,171874,0.14511211701595356
17140,2019,C00-D49,24879,171874,0.1447513876444372
17140,2019,D50-D89,8588,171874,0.049966836170683177
17140,2019,E00-E89,50567,171874,0.29420971176559574
17140,2019,F01-F99,44970,171874,0.2616451586627413
17140,2019,G00-G99,29294,171874,0.17043880982580262
17140,2019,H00-H59,24406,171874,0.14199937163270768
17140,2019,H60-H95,23767,171874,0.1382815318198215
17140,2019,I00-I99,34712,171874,0.20196190232379535
17140,2019,J00-J99,69586,171874,0.40486635558606887
17140,2019,K00-K95,30254,171874,0.17602429686863633
17140,2019,L00-L99,40480,171874,0.2355213703061545
17140,2019,M00-M99,56837,171874,0.33068992401410335
17140,2019,N00-N99,32517,171874,0.18919091892898285
17140,2019,O00-O9A,5853,171874,0.034054016314276736
17140,2019,P00-P96,2697,171874,0.015691727660960938
17140,2019,Q00-Q99,5176,171874,0.030115084305945054
17140,2019,R00-R99,86494,171874,0.5032407461279774
17140,2019,S00-T88,33227,171874,0.19332185205441196
17140,2019,U00-U85,1,171874,5.818215669618441e-06
17140,2019,V00-Y99,4803,171874,0.027944889861177373
17140,2019,Z00-Z99,144883,171874,0.8429605408613287
17140,2020,A00-B99,21041,161873,0.12998461757056456
17140,2020,C00-D49,21700,161873,0.13405571034082275
17140,2020,D50-D89,8033,161873,0.049625323556121155
17140,2020,E00-E89,46381,161873,0.2865270922266221
17140,2020,F01-F99,42495,161873,0.2625206180153577
17140,2020,G00-G99,26914,161873,0.16626614691764532
17140,2020,H00-H59,19618,161873,0.12119377536710878
17140,2020,H60-H95,16266,161873,0.10048618361307939
17140,2020,I00-I99,31751,161873,0.19614759719039
17140,2020,J00-J99,52725,161873,0.32571831003317414
17140,2020,K00-K95,26368,161873,0.1628931322703601
17140,2020,L00-L99,35201,161873,0.21746060182982957
17140,2020,M00-M99,49767,161873,0.3074447251857938
17140,2020,N00-N99,28742,161873,0.1775589505352962
17140,2020,O00-O9A,5603,161873,0.03461355507095069
17140,2020,P00-P96,2526,161873,0.015604826005572269
17140,2020,Q00-Q99,4547,161873,0.028089922346530922
17140,2020,R00-R99,80395,161873,0.4966547849239836
17140,2020,S00-T88,27127,161873,0.1675819932910368
17140,2020,U00-U85,5010,161873,0.030950189345968753
17140,2020,V00-Y99,4445,161873,0.027459798731104015
17140,2020,Z00-Z99,141529,161873,0.8743212271348526
17140,2021,A00-B99,19890,149289,0.13323151739244016
17140,2021,C00-D49,21073,149289,0.14115574489748073
17140,2021,D50-D89,8001,149289,0.053594035729357156
17140,2021,E00-E89,45136,149289,0.3023397571153936
17140,2021,F01-F99,41086,149289,0.2752111676010959
17140,2021,G00-G99,26209,149289,0.1755588154519087
17140,2021,H00-H59,17107,149289,0.11458982242496098
17140,2021,H60-H95,15658,149289,0.10488381595429
17140,2021,I00-I99,30037,149289,0.20120035635579311
17140,2021,J00-J99,48721,149289,0.3263535826484202
17140,2021,K00-K95,25603,149289,0.17149957465051008
17140,2021,L00-L99,33324,149289,0.22321805357394048
17140,2021,M00-M99,48389,149289,0.32412970814996417
17140,2021,N00-N99,26684,149289,0.17874056360482019
17140,2021,O00-O9A,4961,149289,0.033230847550723766
17140,2021,P00-P96,2290,149289,0.015339375305615284
17140,2021,Q00-Q99,4417,149289,0.029586908613494632
17140,2021,R00-R99,76842,149289,0.514719771717943
17140,2021,S00-T88,27099,149289,0.1815204067278902
17140,2021,U00-U85,11629,149289,0.07789589320043673
17140,2021,V00-Y99,4580,149289,0.030678750611230567
17140,2021,Z00-Z99,134765,149289,0.9027121891097134
17140,2022,A00-B99,20051,142852,0.14036205303390922
17140,2022,C00-D49,21760,142852,0.15232548371741383
17140,2022,D50-D89,8467,142852,0.05927113376081539
17140,2022,E00-E89,45208,142852,0.3164673928261417
17140,2022,F01-F99,41055,142852,0.2873953462324644
17140,2022,G00-G99,25729,142852,0.1801094839414219
17140,2022,H00-H59,18683,142852,0.13078570828549826
17140,2022,H60-H95,19769,142852,0.13838798196735083
17140,2022,I00-I99,29728,142852,0.20810349172570214
17140,2022,J00-J99,54563,142852,0.38195475037101334
17140,2022,K00-K95,26124,142852,0.18287458348500546
17140,2022,L00-L99,33791,142852,0.236545515638563
17140,2022,M00-M99,47093,142852,0.32966286786324306
17140,2022,N00-N99,26685,142852,0.18680172486209504
17140,2022,O00-O9A,4573,142852,0.03201215243748775
17140,2022,P00-P96,2004,142852,0.014028505026180943
17140,2022,Q00-Q99,4231,142852,0.029618066250385013
17140,2022,R00-R99,77240,142852,0.5406994651807465
17140,2022,S00-T88,26124,142852,0.18287458348500546
17140,2022,U00-U85,14763,142852,0.10334472040993475
17140,2022,V00-Y99,4602,142852,0.03221515974575085
17140,2022,Z00-Z99,124829,142852,0.8738344580404894
17460,2016,A00-B99,20035,143620,0.13950006962818548
17460,2016,C00-D49,18497,143620,0.12879125469990252
17460,2016,D50-D89,9714,143620,0.06763681938448685
17460,2016,E00-E89,46169,143620,0.32146636958640856
17460,2016,F01-F99,33287,143620,0.23177134103885252
17460,2016,G00-G99,22863,143620,0.15919092048461217
17460,2016,H00-H59,23231,143620,0.16175323771062525
17460,2016,H60-H95,15684,143620,0.10920484612171007
17460,2016,I00-I99,33689,143620,0.23457039409552988
17460,2016,J00-J99,49812,143620,0.34683191756022835
17460,2016,K00-K95,26446,143620,0.18413869934549507
17460,2016,L00-L99,31421,143620,0.2187787216265144
17460,2016,M00-M99,48733,143620,0.3393190363459128
17460,2016,N00-N99,30032,143620,0.20910736666202479
17460,2016,O00-O9A,4294,143620,0.029898342849185352
17460,2016,P00-P96,1610,143620,0.011210137863807269
17460,2016,Q00-Q99,3604,143620,0.025093998050410807
17460,2016,R00-R99,73142,143620,0.5092744743071995
17460,2016,S00-T88,27440,143620,0.19105974098314998
17460,2016,V00-Y99,7108,143620,0.04949171424592675
17460,2016,Z00-Z99,106464,143620,0.7412895139952653
17460,2017,A00-B99,16478,111067,0.148360899277013
17460,2017,C00-D49,15477,111067,0.13934832128354957
17460,2017,D50-D89,7504,111067,0.06756282244050889
17460,2017,E00-E89,38337,111067,0.3451700325029037
17460,2017,F01-F99,27269,111067,0.24551847083292067
17460,2017,G00-G99,19387,111067,0.17455229726201302
17460,2017,H00-H59,16913,111067,0.15227745414929728
17460,2017,H60-H95,12568,111067,0.11315692329854952
17460,2017,I00-I99,27346,111067,0.24621174606318708
17460,2017,J00-J99,40974,111067,0.3689124582459236
17460,2017,K00-K95,21427,111067,0.19291958907686352
17460,2017,L00-L99,25699,111067,0.23138285899502103
17460,2017,M00-M99,39304,111067,0.35387648896611956
17460,2017,N00-N99,23577,111067,0.2122772740778089
17460,2017,O00-O9A,2928,111067,0.02636246589896189
17460,2017,P00-P96,1217,111067,0.010957350067976986
17460,2017,Q00-Q99,2855,111067,0.025705204966371648
17460,2017,R00-R99,59071,111067,0.5318501445073694
17460,2017,S00-T88,21835,111067,0.1965930474398336
17460,2017,V00-Y99,5734,111067,0.05162649571880036
17460,2017,Z00-Z99,83557,111067,0.7523116677320897
17460,2018,A00-B99,14597,97317,0.14999434836667797
17460,2018,C00-D49,12728,97317,0.1307890707687249
17460,2018,D50-D89,6248,97317,0.06420255453826156
17460,2018,E00-E89,32901,97317,0.3380807053238386
17460,2018,F01-F99,25645,97317,0.2635202482608383
17460,2018,G00-G99,17452,97317,0.1793314631564886
17460,2018,H00-H59,13716,97317,0.1409414593544807
17460,2018,H60-H95,11450,97317,0.11765673006771685
17460,2018,I00-I99,22751,97317,0.233782381290011
17460,2018,J00-J99,35563,97317,0.3654346106024641
17460,2018,K00-K95,18689,97317,0.19204250028258166
17460,2018,L00-L99,22441,97317,0.23059691523577586
17460,2018,M00-M99,33730,97317,0.3465992580946803
17460,2018,N00-N99,20396,97317,0.20958311497477317
17460,2018,O00-O9A,2796,97317,0.02873084866981103
17460,2018,P00-P96,1225,97317,0.01258772876270333
17460,2018,Q00-Q99,2595,97317,0.02666543358303277
17460,2018,R00-R99,51694,97317,0.5311918780891314
17460,2018,S00-T88,18761,97317,0.19278235046292014
17460,2018,V00-Y99,4781,97317,0.049128107113865
17460,2018,Z00-Z99,75257,97317,0.7733181253018486
17460,2019,A00-B99,12179,83667,0.14556515711092785
17460,2019,C00-D49,11452,83667,0.1368759487013996
17460,2019,D50-D89,5559,83667,0.06644196636666787
17460,2019,E00-E89,28522,83667,0.34089904024286755
17460,2019,F01-F99,23066,83667,0.27568814466874636
17460,2019,G00-G99,15595,83667,0.18639367970645535
17460,2019,H00-H59,11878,83667,0.14196756188222356
17460,2019,H60-H95,10325,83667,0.12340588284508827
17460,2019,I00-I99,19636,83667,0.23469229206258144
17460,2019,J00-J99,30087,83667,0.3596041450034064
17460,2019,K00-K95,16207,83667,0.19370839160003347
17460,2019,L00-L99,19538,83667,0.23352098198811957
17460,2019,M00-M99,29179,83667,0.3487515985992088
17460,2019,N00-N99,17373,83667,0.20764459105740615
17460,2019,O00-O9A,2256,83667,0.026964035999856573
17460,2019,P00-P96,921,83667,0.011007924271218043
17460,2019,Q00-Q99,2288,83667,0.02734650459559922
17460,2019,R00-R99,45084,83667,0.538850442826921
17460,2019,S00-T88,16261,83667,0.19435380735534918
17460,2019,V00-Y99,3712,83667,0.04436635710614699
17460,2019,Z00-Z99,66181,83667,0.7910048167138777
17460,2020,A00-B99,9563,66306,0.14422525864929267
17460,2020,C00-D49,8286,66306,0.12496606641932857
17460,2020,D50-D89,4496,66306,0.0678068349772268
17460,2020,E00-E89,22396,66306,0.33776732120773384
17460,2020,F01-F99,18336,66306,0.27653606008506015
17460,2020,G00-G99,12277,66306,0.18515669773474497
17460,2020,H00-H59,7926,66306,0.11953669351189937
17460,2020,H60-H95,5651,66306,0.0852260730552288
17460,2020,I00-I99,15345,66306,0.2314270201791693
17460,2020,J00-J99,19002,66306,0.2865803999638042
17460,2020,K00-K95,11976,66306,0.18061713872047777
17460,2020,L00-L99,14257,66306,0.21501824872560552
17460,2020,M00-M99,21680,66306,0.32696890175851356
17460,2020,N00-N99,12874,66306,0.19416040780623173
17460,2020,O00-O9A,1821,66306,0.027463577956745994
17460,2020,P00-P96,789,66306,0.011899375622115646
17460,2020,Q00-Q99,1638,66306,0.024703646728802823
17460,2020,R00-R99,34565,66306,0.52129520707025
17460,2020,S00-T88,11520,66306,0.17373993303773413
17460,2020,U00-U85,2249,66306,0.033918499080022924
17460,2020,V00-Y99,3054,66306,0.04605918016469098
17460,2020,Z00-Z99,54190,66306,0.8172714384821886
17460,2021,A00-B99,10142,76556,0.13247818590312974
17460,2021,C00-D49,10372,76556,0.13548252259783689
17460,2021,D50-D89,5426,76556,0.07087622132817807
17460,2021,E00-E89,26181,76556,0.34198495219185954
17460,2021,F01-F99,21866,76556,0.2856209833324625
17460,2021,G00-G99,14340,76556,0.1873138617482627
17460,2021,H00-H59,9596,76556,0.12534615183656408
17460,2021,H60-H95,6832,76556,0.08924186216625737
17460,2021,I00-I99,17363,76556,0.22680129578347877
17460,2021,J00-J99,21228,76556,0.27728721458801403
17460,2021,K00-K95,14306,76556,0.18686974241078427
17460,2021,L00-L99,16954,76556,0.22145880140028215
17460,2021,M00-M99,25300,76556,0.3304770364177857
17460,2021,N00-N99,15159,76556,0.19801191284811118
17460,2021,O00-O9A,2089,76556,0.027287214588014003
17460,2021,P00-P96,907,76556,0.01184753644391034
17460,2021,Q00-Q99,2188,76556,0.028580385600083597
17460,2021,R00-R99,40483,76556,0.5288024452688228
17460,2021,S00-T88,13537,76556,0.1768248079836982
17460,2021,U00-U85,6720,76556,0.08777888081926956
17460,2021,V00-Y99,3878,76556,0.05065572913945347
17460,2021,Z00-Z99,67197,76556,0.8777496211923298
17460,2022,A00-B99,9859,72839,0.13535331347217835
17460,2022,C00-D49,10924,72839,0.14997460151841732
17460,2022,D50-D89,5519,72839,0.07576984857013414
17460,2022,E00-E89,27441,72839,0.37673499087027557
17460,2022,F01-F99,22188,72839,0.3046170320844602
17460,2022,G00-G99,14482,72839,0.19882205961092272
17460,2022,H00-H59,10457,72839,0.14356320103241396
17460,2022,H60-H95,8298,72839,0.11392248657999149
17460,2022,I00-I99,17337,72839,0.23801809470201404
17460,2022,J00-J99,23003,72839,0.31580609288979805
17460,2022,K00-K95,14559,72839,0.19987918560112028
17460,2022,L00-L99,17220,72839,0.2364118123532723
17460,2022,M00-M99,24584,72839,0.337511497961257
17460,2022,N00-N99,15069,72839,0.20688092917255865
17460,2022,O00-O9A,2101,72839,0.028844437732533396
17460,2022,P00-P96,863,72839,0.011848048435590824
17460,2022,Q00-Q99,2102,72839,0.028858166641497
17460,2022,R00-R99,39967,72839,0.5487033045483876
17460,2022,S00-T88,13202,72839,0.18124905613750875
17460,2022,U00-U85,5290,72839,0.07262592841746866
17460,2022,V00-Y99,3721,72839,0.05108527025357295
17460,2022,Z00-Z99,62151,72839,0.8532654209969933
18140,2016,A00-B99,38566,285584,0.13504257941621378
18140,2016,C00-D49,38327,285584,0.13420569779819597
18140,2016,D50-D89,15187,285584,0.05317874950977646
18140,2016,E00-E89,80625,285584,0.2823162362037089
18140,2016,F01-F99,66229,285584,0.23190724970586588
18140,2016,G00-G99,44980,285584,0.15750182083029862
18140,2016,H00-H59,39575,285584,0.13857569051487478
18140,2016,H60-H95,35939,285584,0.12584388481147404
18140,2016,I00-I99,55666,285584,0.1949198834668609
18140,2016,J00-J99,108130,285584,0.3786276542103199
18140,2016,K00-K95,50526,285584,0.17692167628438568
18140,2016,L00-L99,64776,285584,0.22681942965992494
18140,2016,M00-M99,92628,285584,0.32434590173118943
18140,2016,N00-N99,56250,285584,0.19696481595607598
18140,2016,O00-O9A,11458,285584,0.040121295310661664
18140,2016,P00-P96,4701,285584,0.01646100621883579
18140,2016,Q00-Q99,7917,285584,0.027722141296431174
18140,2016,R00-R99,139691,285584,0.48914154854613706
18140,2016,S00-T88,55206,285584,0.1933091489719312
18140,2016,V00-Y99,8848,285584,0.030982127850299735
18140,2016,Z00-Z99,220143,285584,0.7708520085158832
18140,2017,A00-B99,44622,323491,0.13793892256662474
18140,2017,C00-D49,44834,323491,0.1385942731018792
18140,2017,D50-D89,17861,323491,0.055213282595188116
18140,2017,E00-E89,92451,323491,0.285791567617028
18140,2017,F01-F99,79002,323491,0.24421699521779586
18140,2017,G00-G99,54342,323491,0.1679861263528197
18140,2017,H00-H59,45088,323491,0.13937945723374065
18140,2017,H60-H95,40210,323491,0.12430021237066874
18140,2017,I00-I99,62908,323491,0.19446599750843147
18140,2017,J00-J99,125399,323491,0.3876429328791218
18140,2017,K00-K95,56825,323491,0.17566176493318206
18140,2017,L00-L99,74479,323491,0.23023515337366418
18140,2017,M00-M99,102468,323491,0.31675688040780114
18140,2017,N00-N99,63116,323491,0.19510898293924714
18140,2017,O00-O9A,13021,323491,0.040251506224284445
18140,2017,P00-P96,5530,323491,0.017094756886590352
18140,2017,Q00-Q99,9121,323491,0.028195529396490164
18140,2017,R00-R99,158319,323491,0.48940774241014434
18140,2017,S00-T88,60716,323491,0.18768992027598913
18140,2017,V00-Y99,9441,323491,0.029184737751591236
18140,2017,Z00-Z99,254701,323491,0.7873511164143671
18140,2018,A00-B99,39989,288229,0.13874037657557012
18140,2018,C00-D49,39723,288229,0.13781749928008633
18140,2018,D50-D89,16017,288229,0.055570397149488776
18140,2018,E00-E89,82618,288229,0.2866401368356411
18140,2018,F01-F99,75398,288229,0.261590610243938
18140,2018,G00-G99,49922,288229,0.17320255768850462
18140,2018,H00-H59,38427,288229,0.13332107456224043
18140,2018,H60-H95,35781,288229,0.12414087409663843
18140,2018,I00-I99,54611,288229,0.18947087211904423
18140,2018,J00-J99,109412,288229,0.37960094230629116
18140,2018,K00-K95,51097,288229,0.1772791773208109
18140,2018,L00-L99,66458,288229,0.23057360640324187
18140,2018,M00-M99,90737,288229,0.3148087111289981
18140,2018,N00-N99,55223,288229,0.19159418379136034
18140,2018,O00-O9A,11248,288229,0.03902452563760066
18140,2018,P00-P96,5010,288229,0.017382012219450505
18140,2018,Q00-Q99,8282,288229,0.02873409684660461
18140,2018,R00-R99,142910,288229,0.4958210311939465
18140,2018,S00-T88,52976,288229,0.18379829926898403
18140,2018,V00-Y99,7563,288229,0.026239552577984868
18140,2018,Z00-Z99,230345,288229,0.7991735737902849
18140,2019,A00-B99,38139,278270,0.137057534049664
18140,2019,C00-D49,39069,278270,0.14039961188773492
18140,2019,D50-D89,16077,278270,0.057774823013619865
18140,2019,E00-E89,80532,278270,0.28940237898443955
18140,2019,F01-F99,76292,278270,0.27416537894850324
18140,2019,G00-G99,49621,278270,0.17831961763754628
18140,2019,H00-H59,37844,278270,0.13599741258489956
18140,2019,H60-H95,36391,278270,0.13077586516692422
18140,2019,I00-I99,52617,278270,0.1890861393610522
18140,2019,J00-J99,105998,278270,0.3809178136342401
18140,2019,K00-K95,48738,278270,0.17514644050742084
18140,2019,L00-L99,65020,278270,0.2336579580982499
18140,2019,M00-M99,88013,278270,0.31628634060444893
18140,2019,N00-N99,53798,278270,0.19333021885219392
18140,2019,O00-O9A,10942,278270,0.039321522262550763
18140,2019,P00-P96,4699,278270,0.016886477162468105
18140,2019,Q00-Q99,8032,278270,0.028864052898264277
18140,2019,R00-R99,139958,278270,0.5029575592050886
18140,2019,S00-T88,51168,278270,0.18387896647141266
18140,2019,V00-Y99,7613,278270,0.027358321055090378
18140,2019,Z00-Z99,226817,278270,0.8150968483846623
18140,2020,A00-B99,30022,235511,0.12747599899792367
18140,2020,C00-D49,31034,235511,0.13177303820203728
18140,2020,D50-D89,13100,235511,0.055623728827952836
18140,2020,E00-E89,65857,235511,0.27963449690248016
18140,2020,F01-F99,66004,235511,0.2802586715694808
18140,2020,G00-G99,41054,235511,0.17431882162616608
18140,2020,H00-H59,26197,235511,0.11123471939739545
18140,2020,H60-H95,21710,235511,0.09218253075227908
18140,2020,I00-I99,43164,235511,0.18327806344501954
18140,2020,J00-J99,75894,235511,0.3222524637915002
18140,2020,K00-K95,37486,235511,0.15916878617134655
18140,2020,L00-L99,51204,235511,0.21741659625240434
18140,2020,M00-M99,69296,235511,0.29423678724136026
18140,2020,N00-N99,42445,235511,0.18022512748873726
18140,2020,O00-O9A,9079,235511,0.038550216338090366
18140,2020,P00-P96,3907,235511,0.016589458666474176
18140,2020,Q00-Q99,6217,235511,0.026397917719342197
18140,2020,R00-R99,113993,235511,0.48402410078510133
18140,2020,S00-T88,37737,235511,0.16023455380003482
18140,2020,U00-U85,8671,235511,0.03681781318070069
18140,2020,V00-Y99,5842,235511,0.02480563540556492
18140,2020,Z00-Z99,202851,235511,0.8613228256854245
18140,2021,A00-B99,30115,246418,0.1222110397779383
18140,2021,C00-D49,34598,246418,0.14040370427485005
18140,2021,D50-D89,14269,246418,0.057905672475225024
18140,2021,E00-E89,69969,246418,0.28394435471434715
18140,2021,F01-F99,70926,246418,0.2878279995779529
18140,2021,G00-G99,43754,246418,0.17756008083825045
18140,2021,H00-H59,28456,246418,0.11547857705200107
18140,2021,H60-H95,23054,246418,0.09355647720539896
18140,2021,I00-I99,44661,246418,0.1812408184467044
18140,2021,J00-J99,71082,246418,0.28846107021402656
18140,2021,K00-K95,40471,246418,0.16423719046498225
18140,2021,L00-L99,55147,246418,0.22379452799714306
18140,2021,M00-M99,73819,246418,0.29956821336103695
18140,2021,N00-N99,44351,246418,0.17998279346476312
18140,2021,O00-O9A,9234,246418,0.03747291188143723
18140,2021,P00-P96,4221,246418,0.01712943047991624
18140,2021,Q00-Q99,6969,246418,0.028281213223060004
18140,2021,R00-R99,121127,246418,0.49155094189547843
18140,2021,S00-T88,41350,246418,0.1678043000105512
18140,2021,U00-U85,17350,246418,0.07040881753767987
18140,2021,V00-Y99,7877,246418,0.031966008976616965
18140,2021,Z00-Z99,223421,246418,0.9066748370654741
18140,2022,A00-B99,31796,244404,0.13009607044074564
18140,2022,C00-D49,37030,244404,0.1515114318914584
18140,2022,D50-D89,15425,244404,0.06311271501284758
18140,2022,E00-E89,74147,244404,0.30337883177034747
18140,2022,F01-F99,74384,244404,0.3043485376671413
18140,2022,G00-G99,45623,244404,0.1866704309258441
18140,2022,H00-H59,31865,244404,0.1303783898790527
18140,2022,H60-H95,29394,244404,0.12026808071880984
18140,2022,I00-I99,46832,244404,0.19161715847531138
18140,2022,J00-J99,79799,244404,0.32650447619515227
18140,2022,K00-K95,42944,244404,0.1757090718646176
18140,2022,L00-L99,57590,244404,0.23563444133483905
18140,2022,M00-M99,76206,244404,0.3118034074728728
18140,2022,N00-N99,45800,244404,0.18739464165889266
18140,2022,O00-O9A,9064,244404,0.03708613606978609
18140,2022,P00-P96,4131,244404,0.01690234202386213
18140,2022,Q00-Q99,7102,244404,0.029058444215315626
18140,2022,R00-R99,125785,244404,0.5146601528616553
18140,2022,S00-T88,41377,244404,0.16929755650480352
18140,2022,U00-U85,23088,244404,0.09446653900918152
18140,2022,V00-Y99,11377,244404,0.04654997463216641
18140,2022,Z00-Z99,212997,244404,0.8714955565375362
19380,2016,A00-B99,5518,43836,0.1258782735651063
19380,2016,C00-D49,5282,43836,0.12049457067250662
19380,2016,D50-D89,2565,43836,0.05851355050643307
19380,2016,E00-E89,14899,43836,0.339880463545944
19380,2016,F01-F99,9862,43836,0.2249749064695684
19380,2016,G00-G99,7445,43836,0.1698375764212063
19380,2016,H00-H59,6739,43836,0.153732092344192
19380,2016,H60-H95,5591,43836,0.12754357149374942
19380,2016,I00-I99,10743,43836,0.24507254311524773
19380,2016,J00-J99,18022,43836,0.4111232776713204
19380,2016,K00-K95,9176,43836,0.2093256684004015
19380,2016,L00-L99,9352,43836,0.2133406332694589
19380,2016,M00-M99,15375,43836,0.35073911853271283
19380,2016,N00-N99,9087,43836,0.20729537366548043
19380,2016,O00-O9A,1337,43836,0.030500045624600784
19380,2016,P00-P96,529,43836,0.01206770690756456
19380,2016,Q00-Q99,1147,43836,0.02616570855005019
19380,2016,R00-R99,23700,43836,0.5406515192992062
19380,2016,S00-T88,8545,43836,0.19493110685281503
19380,2016,V00-Y99,1992,43836,0.04544210238160416
19380,2016,Z00-Z99,32315,43836,0.7371794871794872
19380,2017,A00-B99,5647,41937,0.13465436249612514
19380,2017,C00-D49,4712,41937,0.112359014712545
19380,2017,D50-D89,2505,41937,0.05973245582659704
19380,2017,E00-E89,13938,41937,0.3323556763717004
19380,2017,F01-F99,10302,41937,0.2456541955790829
19380,2017,G00-G99,7406,41937,0.17659823067935237
19380,2017,H00-H59,6051,41937,0.14428786036197153
19380,2017,H60-H95,5368,41937,0.12800152609867183
19380,2017,I00-I99,9654,41937,0.23020244652693325
19380,2017,J00-J99,17442,41937,0.4159095786536948
19380,2017,K00-K95,8812,41937,0.21012471087583756
19380,2017,L00-L99,8864,41937,0.21136466604668908
19380,2017,M00-M99,14453,41937,0.34463600162147984
19380,2017,N00-N99,8635,41937,0.20590409423659298
19380,2017,O00-O9A,1427,41937,0.03402723132317524
19380,2017,P00-P96,549,41937,0.013091065169182344
19380,2017,Q00-Q99,1108,41937,0.026420583255836134
19380,2017,R00-R99,22789,41937,0.5434103536256766
19380,2017,S00-T88,8204,41937,0.19562677349357369
19380,2017,V00-Y99,1808,41937,0.0431122874788373
19380,2017,Z00-Z99,31547,41937,0.7522474187471684
19380,2018,A00-B99,5679,41605,0.13649801706525658
19380,2018,C00-D49,4988,41605,0.11988943636582142
19380,2018,D50-D89,2526,41605,0.060713856507631295
19380,2018,E00-E89,14447,41605,0.34724191803869725
19380,2018,F01-F99,10933,41605,0.26278091575531787
19380,2018,G00-G99,7850,41605,0.18867924528301888
19380,2018,H00-H59,5744,41605,0.13806032928734527
19380,2018,H60-H95,5373,41605,0.12914313183511597
19380,2018,I00-I99,9889,41605,0.23768777791130874
19380,2018,J00-J99,16783,41605,0.4033890157433001
19380,2018,K00-K95,8733,41605,0.20990265593077756
19380,2018,L00-L99,9041,41605,0.2173056123062132
19380,2018,M00-M99,14485,41605,0.34815526979930295
19380,2018,N00-N99,8938,41605,0.21482994832351882
19380,2018,O00-O9A,1434,41605,0.03446701117654128
19380,2018,P00-P96,578,41605,0.013892560990265593
19380,2018,Q00-Q99,1117,41605,0.026847734647277972
19380,2018,R00-R99,23320,41605,0.5605095541401274
19380,2018,S00-T88,8075,41605,0.1940872491287105
19380,2018,V00-Y99,1776,41605,0.042687177021992546
19380,2018,Z00-Z99,32445,41605,0.7798341545487322
19380,2019,A00-B99,4908,38222,0.12840772330071687
19380,2019,C00-D49,4771,38222,0.1248234001360473
19380,2019,D50-D89,2397,38222,0.06271257391031343
19380,2019,E00-E89,13459,38222,0.3521270472502747
19380,2019,F01-F99,10619,38222,0.2778242896761028
19380,2019,G00-G99,7363,38222,0.1926377478938831
19380,2019,H00-H59,5310,38222,0.13892522630945528
19380,2019,H60-H95,4962,38222,0.12982052221233845
19380,2019,I00-I99,9126,38222,0.23876301606404687
19380,2019,J00-J99,15499,38222,0.405499450578201
19380,2019,K00-K95,8043,38222,0.21042854900319188
19380,2019,L00-L99,8332,38222,0.2179896394746481
19380,2019,M00-M99,13118,38222,0.3432054837528125
19380,2019,N00-N99,8257,38222,0.2160274187640626
19380,2019,O00-O9A,1290,38222,0.03375019622207106
19380,2019,P00-P96,559,38222,0.014625085029564125
19380,2019,Q00-Q99,1047,38222,0.027392601119773954
19380,2019,R00-R99,21271,38222,0.5565119564648632
19380,2019,S00-T88,7359,38222,0.19253309612265188
19380,2019,V00-Y99,1903,38222,0.04978808016325676
19380,2019,Z00-Z99,30838,38222,0.8068128303071529
19380,2020,A00-B99,4077,34147,0.1193955545143058
19380,2020,C00-D49,4057,34147,0.11880985152429203
19380,2020,D50-D89,2129,34147,0.06234808328696518
19380,2020,E00-E89,11910,34147,0.34878613055319646
19380,2020,F01-F99,9413,34147,0.275661112249978
19380,2020,G00-G99,6421,34147,0.18803994494391893
19380,2020,H00-H59,4158,34147,0.12176765162386154
19380,2020,H60-H95,3312,34147,0.09699241514627932
19380,2020,I00-I99,7815,34147,0.22886344334787828
19380,2020,J00-J99,11225,34147,0.32872580314522504
19380,2020,K00-K95,6655,34147,0.19489266992708
19380,2020,L00-L99,6829,34147,0.1999882859401997
19380,2020,M00-M99,11082,34147,0.32453802676662663
19380,2020,N00-N99,6904,34147,0.20218467215275135
19380,2020,O00-O9A,1061,34147,0.03107154362023018
19380,2020,P00-P96,423,34147,0.01238761823879111
19380,2020,Q00-Q99,844,34147,0.024716666178580843
19380,2020,R00-R99,18317,34147,0.5364160834041057
19380,2020,S00-T88,5776,34147,0.16915102351597505
19380,2020,U00-U85,988,34147,0.028933727706679943
19380,2020,V00-Y99,1460,34147,0.042756318271004776
19380,2020,Z00-Z99,28630,34147,0.8384338302047032
19380,2021,A00-B99,4283,34565,0.12391147114132793
19380,2021,C00-D49,4273,34565,0.12362216114566758
19380,2021,D50-D89,2279,34565,0.06593374801099378
19380,2021,E00-E89,12439,34565,0.3598727036019094
19380,2021,F01-F99,9832,34565,0.2844495877332562
19380,2021,G00-G99,6758,34565,0.19551569506726457
19380,2021,H00-H59,4286,34565,0.12399826414002604
19380,2021,H60-H95,3450,34565,0.09981194850282077
19380,2021,I00-I99,8047,34565,0.23280775350788369
19380,2021,J00-J99,10966,34565,0.31725734124113986
19380,2021,K00-K95,7101,34565,0.2054390279184146
19380,2021,L00-L99,7167,34565,0.2073484738897729
19380,2021,M00-M99,11275,34565,0.3261970201070447
19380,2021,N00-N99,7064,34565,0.20436858093447127
19380,2021,O00-O9A,973,34565,0.028149862577752063
19380,2021,P00-P96,376,34565,0.010878055836829163
19380,2021,Q00-Q99,893,34565,0.02583538261246926
19380,2021,R00-R99,18949,34565,0.5482135107767974
19380,2021,S00-T88,6098,34565,0.17642123535368148
19380,2021,U00-U85,2419,34565,0.06998408795023868
19380,2021,V00-Y99,1627,34565,0.04707073629393896
19380,2021,Z00-Z99,29623,34565,0.857023000144655
26580,2016,A00-B99,4028,26895,0.14976761479828965
26580,2016,C00-D49,3549,26895,0.13195761293920802
26580,2016,D50-D89,1812,26895,0.06737311767986615
26580,2016,E00-E89,10187,26895,0.378769287971742
26580,2016,F01-F99,7147,26895,0.26573712585982523
26580,2016,G00-G99,5035,26895,0.18720951849786205
26580,2016,H00-H59,3693,26895,0.13731176798661462
26580,2016,H60-H95,4528,26895,0.16835843093511804
26580,2016,I00-I99,8062,26895,0.29975831939022124
26580,2016,J00-J99,13005,26895,0.48354712771890684
26580,2016,K00-K95,6840,26895,0.2543223647518126
26580,2016,L00-L99,6145,26895,0.22848113032162112
26580,2016,M00-M99,10236,26895,0.38059118795315117
26580,2016,N00-N99,6312,26895,0.2346904629113218
26580,2016,O00-O9A,736,26895,0.027365681353411414
26580,2016,P00-P96,199,26895,0.007399144822457706
26580,2016,Q00-Q99,837,26895,0.031121026213050754
26580,2016,R00-R99,15775,26895,0.5865402491169363
26580,2016,S00-T88,5653,26895,0.21018776724298197
26580,2016,V00-Y99,1263,26895,0.046960401561628555
26580,2016,Z00-Z99,19116,26895,0.7107640825432237
26580,2017,A00-B99,4252,27600,0.15405797101449276
26580,2017,C00-D49,3546,27600,0.1284782608695652
26580,2017,D50-D89,1820,27600,0.06594202898550725
26580,2017,E00-E89,10379,27600,0.37605072463768113
26580,2017,F01-F99,7578,27600,0.27456521739130435
26580,2017,G00-G99,5377,27600,0.19481884057971013
26580,2017,H00-H59,3983,27600,0.14431159420289855
26580,2017,H60-H95,4586,27600,0.16615942028985506
26580,2017,I00-I99,8276,27600,0.29985507246376814
26580,2017,J00-J99,13754,27600,0.49833333333333335
26580,2017,K00-K95,6955,27600,0.2519927536231884
26580,2017,L00-L99,6268,27600,0.22710144927536233
26580,2017,M00-M99,10400,27600,0.37681159420289856
26580,2017,N00-N99,6463,27600,0.23416666666666666
26580,2017,O00-O9A,773,27600,0.028007246376811595
26580,2017,P00-P96,219,27600,0.007934782608695653
26580,2017,Q00-Q99,797,27600,0.028876811594202897
26580,2017,R00-R99,16374,27600,0.5932608695652174
26580,2017,S00-T88,5762,27600,0.208768115942029
26580,2017,V00-Y99,1307,27600,0.04735507246376812
26580,2017,Z00-Z99,20569,27600,0.7452536231884058
26580,2018,A00-B99,4155,27145,0.1530668631423835
26580,2018,C00-D49,3469,27145,0.12779517406520538
26580,2018,D50-D89,1848,27145,0.06807883588137778
26580,2018,E00-E89,10262,27145,0.37804383864431756
26580,2018,F01-F99,7714,27145,0.2841775649290845
26580,2018,G00-G99,5248,27145,0.19333210536010315
26580,2018,H00-H59,3650,27145,0.13446306870510222
26580,2018,H60-H95,4414,27145,0.16260821514090992
26580,2018,I00-I99,8121,27145,0.2991711180696261
26580,2018,J00-J99,12851,27145,0.4734205194326764
26580,2018,K00-K95,6809,27145,0.2508380917296003
26580,2018,L00-L99,6203,27145,0.22851353840486277
26580,2018,M00-M99,10291,27145,0.37911217535457725
26580,2018,N00-N99,6361,27145,0.23433413151593296
26580,2018,O00-O9A,740,27145,0.02726100571007552
26580,2018,P00-P96,238,27145,0.008767728863510776
26580,2018,Q00-Q99,751,27145,0.0276662368760361
26580,2018,R00-R99,16238,27145,0.5981948793516302
26580,2018,S00-T88,5536,27145,0.2039417940688893
26580,2018,V00-Y99,1137,27145,0.04188616688156198
26580,2018,Z00-Z99,21612,27145,0.7961687235218272
26580,2019,A00-B99,3626,23796,0.15237855101697764
26580,2019,C00-D49,3018,23796,0.12682803832576903
26580,2019,D50-D89,1535,23796,0.06450663977139015
26580,2019,E00-E89,9036,23796,0.37972768532526474
26580,2019,F01-F99,7066,23796,0.2969406622961842
26580,2019,G00-G99,4801,23796,0.20175659774752058
26580,2019,H00-H59,3498,23796,0.1469994957135653
26580,2019,H60-H95,4135,23796,0.17376870062195326
26580,2019,I00-I99,7063,23796,0.2968145906875105
26580,2019,J00-J99,11694,23796,0.4914271306101866
26580,2019,K00-K95,6002,23796,0.2522272650865692
26580,2019,L00-L99,5546,23796,0.23306438056816273
26580,2019,M00-M99,8910,23796,0.3744326777609682
26580,2019,N00-N99,5450,23796,0.22903008909060346
26580,2019,O00-O9A,631,23796,0.02651706169104051
26580,2019,P00-P96,237,23796,0.009959657085224408
26580,2019,Q00-Q99,674,23796,0.028324088082030595
26580,2019,R00-R99,14703,23796,0.6178769541099345
26580,2019,S00-T88,4812,23796,0.2022188603126576
26580,2019,V00-Y99,949,23796,0.03988065221045554
26580,2019,Z00-Z99,18790,23796,0.7896285089931081
26580,2020,A00-B99,2677,21949,0.12196455419381293
26580,2020,C00-D49,2462,21949,0.11216911932206479
26580,2020,D50-D89,1368,21949,0.062326301881634696
26580,2020,E00-E89,8061,21949,0.3672604674472641
26580,2020,F01-F99,6696,21949,0.30507084605221196
26580,2020,G00-G99,4186,21949,0.19071483894482663
26580,2020,H00-H59,2356,21949,0.10733974212948198
26580,2020,H60-H95,2872,21949,0.13084878582167753
26580,2020,I00-I99,6263,21949,0.28534329582213314
26580,2020,J00-J99,8775,21949,0.3997904232539068
26580,2020,K00-K95,4866,21949,0.22169574923686727
26580,2020,L00-L99,4548,21949,0.20720761765911885
26580,2020,M00-M99,7701,21949,0.3508588090573602
26580,2020,N00-N99,4666,21949,0.2125837167980318
26580,2020,O00-O9A,541,21949,0.02464804774704998
26580,2020,P00-P96,162,21949,0.00738074627545674
26580,2020,Q00-Q99,584,21949,0.026607134721399608
26580,2020,R00-R99,12802,21949,0.5832611964098592
26580,2020,S00-T88,3887,21949,0.1770923504487676
26580,2020,U00-U85,982,21949,0.044740079274682217
26580,2020,V00-Y99,762,21949,0.034716843591963184
26580,2020,Z00-Z99,17848,21949,0.8131577748416784
26580,2021,A00-B99,2554,19430,0.1314462171899125
26580,2021,C00-D49,2400,19430,0.12352032938754504
26580,2021,D50-D89,1367,19430,0.07035512094698919
26580,2021,E00-E89,7574,19430,0.38980957282552753
26580,2021,F01-F99,6548,19430,0.33700463201235203
26580,2021,G00-G99,3899,19430,0.2006690684508492
26580,2021,H00-H59,2282,19430,0.11744724652599074
26580,2021,H60-H95,2482,19430,0.12774060730828615
26580,2021,I00-I99,5827,19430,0.29989706639217706
26580,2021,J00-J99,7328,19430,0.37714873906330415
26580,2021,K00-K95,4720,19430,0.24292331446217189
26580,2021,L00-L99,4198,19430,0.21605764282038084
26580,2021,M00-M99,7134,19430,0.36716417910447763
26580,2021,N00-N99,4342,19430,0.22346886258363355
26580,2021,O00-O9A,532,19430,0.027380339680905814
26580,2021,P00-P96,172,19430,0.00885229027277406
26580,2021,Q00-Q99,486,19430,0.025012866700977868
26580,2021,R00-R99,11910,19430,0.6129696345856922
26580,2021,S00-T88,3580,19430,0.184251158003088
26580,2021,U00-U85,2238,19430,0.11518270715388575
26580,2021,V00-Y99,816,19430,0.041996911991765314
26580,2021,Z00-Z99,16652,19430,0.8570252187339166
26580,2022,A00-B99,3002,19125,0.15696732026143792
26580,2022,C00-D49,2461,19125,0.1286797385620915
26580,2022,D50-D89,1447,19125,0.07566013071895425
26580,2022,E00-E89,7792,19125,0.4074248366013072
26580,2022,F01-F99,6541,19125,0.34201307189542485
26580,2022,G00-G99,3913,19125,0.20460130718954248
26580,2022,H00-H59,2330,19125,0.12183006535947713
26580,2022,H60-H95,3161,19125,0.165281045751634
26580,2022,I00-I99,5948,19125,0.31100653594771244
26580,2022,J00-J99,9040,19125,0.4726797385620915
26580,2022,K00-K95,4760,19125,0.24888888888888888
26580,2022,L00-L99,4300,19125,0.22483660130718955
26580,2022,M00-M99,7107,19125,0.3716078431372549
26580,2022,N00-N99,4383,19125,0.2291764705882353
26580,2022,O00-O9A,535,19125,0.027973856209150327
26580,2022,P00-P96,155,19125,0.008104575163398693
26580,2022,Q00-Q99,477,19125,0.024941176470588234
26580,2022,R00-R99,12601,19125,0.6588758169934641
26580,2022,S00-T88,3773,19125,0.197281045751634
26580,2022,U00-U85,3395,19125,0.17751633986928106
26580,2022,V00-Y99,931,19125,0.048679738562091505
26580,2022,Z00-Z99,15917,19125,0.8322614379084967
30620,2016,A00-B99,1747,13730,0.12723962126729788
30620,2016,C00-D49,1426,13730,0.10386016023306628
30620,2016,D50-D89,875,13730,0.06372906045156591
30620,2016,E00-E89,4439,13730,0.323306627822287
30620,2016,F01-F99,3363,13730,0.24493809176984704
30620,2016,G00-G99,2535,13730,0.18463219227967953
30620,2016,H00-H59,1454,13730,0.10589949016751639
30620,2016,H60-H95,1567,13730,0.11412964311726147
30620,2016,I00-I99,3397,13730,0.24741442097596503
30620,2016,J00-J99,5449,13730,0.3968681718863802
30620,2016,K00-K95,2916,13730,0.21238164603058995
30620,2016,L00-L99,2651,13730,0.19308084486525856
30620,2016,M00-M99,5187,13730,0.3777858703568827
30620,2016,N00-N99,2861,13730,0.2083758193736344
30620,2016,O00-O9A,521,13730,0.03794610342316096
30620,2016,P00-P96,153,13730,0.011143481427530954
30620,2016,Q00-Q99,373,13730,0.02716678805535324
30620,2016,R00-R99,7116,13730,0.5182811361981063
30620,2016,S00-T88,3544,13730,0.2581209031318281
30620,2016,V00-Y99,417,13730,0.0303714493809177
30620,2016,Z00-Z99,9932,13730,0.7233794610342316
30620,2017,A00-B99,2330,16463,0.14152949037235013
30620,2017,C00-D49,1682,16463,0.1021684990584948
30620,2017,D50-D89,990,16463,0.06013484784061228
30620,2017,E00-E89,5411,16463,0.32867642592480106
30620,2017,F01-F99,4037,16463,0.24521654619449676
30620,2017,G00-G99,3053,16463,0.1854461519771609
30620,2017,H00-H59,1838,16463,0.11164429326368219
30620,2017,H60-H95,1961,16463,0.11911559254084918
30620,2017,I00-I99,3916,16463,0.2378667314584219
30620,2017,J00-J99,6646,16463,0.40369313004920127
30620,2017,K00-K95,3532,16463,0.21454169956872987
30620,2017,L00-L99,3241,16463,0.19686569883982263
30620,2017,M00-M99,6115,16463,0.37143898438923645
30620,2017,N00-N99,3444,16463,0.20919637976067545
30620,2017,O00-O9A,601,16463,0.03650610459818988
30620,2017,P00-P96,175,16463,0.010629897345562777
30620,2017,Q00-Q99,442,16463,0.02684808358136427
30620,2017,R00-R99,8499,16463,0.5162485573710746
30620,2017,S00-T88,4282,16463,0.26009840247828464
30620,2017,V00-Y99,513,16463,0.031160784790135454
30620,2017,Z00-Z99,12453,16463,0.7564234951102472
30620,2018,A00-B99,2333,16232,0.14372843765401674
30620,2018,C00-D49,1643,16232,0.10121981271562346
30620,2018,D50-D89,903,16232,0.05563085263676688
30620,2018,E00-E89,5140,16232,0.3166584524396254
30620,2018,F01-F99,4249,16232,0.26176688023656974
30620,2018,G00-G99,3004,16232,0.18506653523903402
30620,2018,H00-H59,1720,16232,0.10596352883193691
30620,2018,H60-H95,1935,16232,0.11920896993592903
30620,2018,I00-I99,3657,16232,0.22529571217348449
30620,2018,J00-J99,6314,16232,0.3889847215377033
30620,2018,K00-K95,3448,16232,0.21241991128634796
30620,2018,L00-L99,3180,16232,0.19590931493346475
30620,2018,M00-M99,5830,16232,0.35916707737801873
30620,2018,N00-N99,3240,16232,0.1996057171020207
30620,2018,O00-O9A,630,16232,0.03881222276983736
30620,2018,P00-P96,220,16232,0.013553474618038443
30620,2018,Q00-Q99,484,16232,0.029817644159684575
30620,2018,R00-R99,8728,16232,0.5377033021192705
30620,2018,S00-T88,4174,16232,0.2571463775258748
30620,2018,V00-Y99,449,16232,0.027661409561360276
30620,2018,Z00-Z99,12674,16232,0.7808033514046329
30620,2019,A00-B99,1822,12246,0.1487832761718112
30620,2019,C00-D49,1237,12246,0.10101257553486853
30620,2019,D50-D89,728,12246,0.059447983014861996
30620,2019,E00-E89,3963,12246,0.3236158745712886
30620,2019,F01-F99,3358,12246,0.27421198758778376
30620,2019,G00-G99,2384,12246,0.1946758125102074
30620,2019,H00-H59,1364,12246,0.11138330883553814
30620,2019,H60-H95,1486,12246,0.1213457455495672
30620,2019,I00-I99,2933,12246,0.23950677772333823
30620,2019,J00-J99,4935,12246,0.40298873101420873
30620,2019,K00-K95,2611,12246,0.21321247754368775
30620,2019,L00-L99,2420,12246,0.19761554793401928
30620,2019,M00-M99,4396,12246,0.358974358974359
30620,2019,N00-N99,2514,12246,0.20529152376286133
30620,2019,O00-O9A,443,12246,0.03617507757635146
30620,2019,P00-P96,182,12246,0.014861995753715499
30620,2019,Q00-Q99,367,12246,0.02996896945941532
30620,2019,R00-R99,6547,12246,0.5346235505471174
30620,2019,S00-T88,3143,12246,0.25665523436224075
30620,2019,V00-Y99,320,12246,0.026130981544994283
30620,2019,Z00-Z99,9513,12246,0.7768250857422832
30620,2020,A00-B99,1713,10782,0.15887590428491932
30620,2020,C00-D49,974,10782,0.09033574475978483
30620,2020,D50-D89,632,10782,0.058616212205527735
30620,2020,E00-E89,3635,10782,0.3371359673529957
30620,2020,F01-F99,3112,10782,0.28862919680949733
30620,2020,G00-G99,2097,10782,0.19449081803005008
30620,2020,H00-H59,949,10782,0.08801706547950287
30620,2020,H60-H95,994,10782,0.09219068818401038
30620,2020,I00-I99,2543,10782,0.2358560563902801
30620,2020,J00-J99,3667,10782,0.34010387683175664
30620,2020,K00-K95,2099,10782,0.19467631237247263
30620,2020,L00-L99,1992,10782,0.18475236505286588
30620,2020,M00-M99,3763,10782,0.3490076052680393
30620,2020,N00-N99,2169,10782,0.2011686143572621
30620,2020,O00-O9A,436,10782,0.040437766648117233
30620,2020,P00-P96,157,10782,0.014561305880170655
30620,2020,Q00-Q99,277,10782,0.02569096642552402
30620,2020,R00-R99,5721,10782,0.5306065664997217
30620,2020,S00-T88,2582,10782,0.23947319606751993
30620,2020,U00-U85,661,10782,0.061305880170654796
30620,2020,V00-Y99,335,10782,0.031070302355778148
30620,2020,Z00-Z99,8899,10782,0.8253570766091635
30620,2021,A00-B99,1615,10583,0.1526032315978456
30620,2021,C00-D49,1078,10583,0.10186147595199849
30620,2021,D50-D89,671,10583,0.06340357176603988
30620,2021,E00-E89,3592,10583,0.33941226495322685
30620,2021,F01-F99,3231,10583,0.30530095436076726
30620,2021,G00-G99,2156,10583,0.20372295190399697
30620,2021,H00-H59,1001,10583,0.09458565624114146
30620,2021,H60-H95,1070,10583,0.10110554663138996
30620,2021,I00-I99,2548,10583,0.2407634886138146
30620,2021,J00-J99,3631,10583,0.3430974203911934
30620,2021,K00-K95,2219,10583,0.2096758953037891
30620,2021,L00-L99,2067,10583,0.19531323821222715
30620,2021,M00-M99,3924,10583,0.3707833317584806
30620,2021,N00-N99,2195,10583,0.20740810734196352
30620,2021,O00-O9A,384,10583,0.036284607389209106
30620,2021,P00-P96,134,10583,0.012661816120192761
30620,2021,Q00-Q99,282,10583,0.02664650855145044
30620,2021,R00-R99,5764,10583,0.5446470754984409
30620,2021,S00-T88,2758,10583,0.26060663327978834
30620,2021,U00-U85,1063,10583,0.10044410847585751
30620,2021,V00-Y99,421,10583,0.03978078049702353
30620,2021,Z00-Z99,8961,10583,0.846735330246622
30620,2022,A00-B99,1348,9188,0.14671310404875926
30620,2022,C00-D49,968,9188,0.10535481062255116
30620,2022,D50-D89,565,9188,0.06149325206791467
30620,2022,E00-E89,3179,9188,0.3459947757945146
30620,2022,F01-F99,2923,9188,0.3181323465389639
30620,2022,G00-G99,2055,9188,0.22366129734436221
30620,2022,H00-H59,899,9188,0.097845015237266
30620,2022,H60-H95,1104,9188,0.12015672616456247
30620,2022,I00-I99,2382,9188,0.25925119721375706
30620,2022,J00-J99,3624,9188,0.3944275141488899
30620,2022,K00-K95,2130,9188,0.23182411841532433
30620,2022,L00-L99,1807,9188,0.19666956900304744
30620,2022,M00-M99,3480,9188,0.3787548976926426
30620,2022,N00-N99,1961,9188,0.21343056160208967
30620,2022,O00-O9A,305,9188,0.033195472355245975
30620,2022,P00-P96,83,9188,0.009033521985198084
30620,2022,Q00-Q99,263,9188,0.028624292555507184
30620,2022,R00-R99,5111,9188,0.5562690465824989
30620,2022,S00-T88,2414,9188,0.2627340008707009
30620,2022,U00-U85,1024,9188,0.11144971702220287
30620,2022,V00-Y99,386,9188,0.04201131911188507
30620,2022,Z00-Z99,7635,9188,0.8309751850239443
31900,2016,A00-B99,1056,8858,0.11921426958681418
31900,2016,C00-D49,1131,8858,0.12768119214269588
31900,2016,D50-D89,500,8858,0.05644615037254459
31900,2016,E00-E89,2803,8858,0.316437118988485
31900,2016,F01-F99,2244,8858,0.25333032287198015
31900,2016,G00-G99,1501,8858,0.16945134341837886
31900,2016,H00-H59,1054,8858,0.118988484985324
31900,2016,H60-H95,1012,8858,0.11424700835403026
31900,2016,I00-I99,2319,8858,0.2617972454278618
31900,2016,J00-J99,3394,8858,0.3831564687288327
31900,2016,K00-K95,1784,8858,0.2013998645292391
31900,2016,L00-L99,1949,8858,0.22002709415217883
31900,2016,M00-M99,3459,8858,0.3904944682772635
31900,2016,N00-N99,1744,8858,0.19688417249943554
31900,2016,O00-O9A,222,8858,0.0250620907654098
31900,2016,P00-P96,85,8858,0.00959584556333258
31900,2016,Q00-Q99,194,8858,0.0219011063445473
31900,2016,R00-R99,4357,8858,0.49187175434635355
31900,2016,S00-T88,1766,8858,0.1993678031158275
31900,2016,V00-Y99,634,8858,0.07157371867238654
31900,2016,Z00-Z99,5813,8858,0.6562429442312034
31900,2017,A00-B99,1436,11455,0.1253601047577477
31900,2017,C00-D49,1577,11455,0.13766914011348755
31900,2017,D50-D89,597,11455,0.052116979484941074
31900,2017,E00-E89,3634,11455,0.31724137931034485
31900,2017,F01-F99,2763,11455,0.24120471409864688
31900,2017,G00-G99,1985,11455,0.1732867743343518
31900,2017,H00-H59,1534,11455,0.13391532082060237
31900,2017,H60-H95,1378,11455,0.1202968136185072
31900,2017,I00-I99,2966,11455,0.25892623308598867
31900,2017,J00-J99,4525,11455,0.3950240069838499
31900,2017,K00-K95,2187,11455,0.19092099519860323
31900,2017,L00-L99,2674,11455,0.23343518114360542
31900,2017,M00-M99,4338,11455,0.3786992579659537
31900,2017,N00-N99,2232,11455,0.19484941073766915
31900,2017,O00-O9A,328,11455,0.02863378437363597
31900,2017,P00-P96,161,11455,0.014054997817546922
31900,2017,Q00-Q99,277,11455,0.024181580096027937
31900,2017,R00-R99,5735,11455,0.5006547359231777
31900,2017,S00-T88,2180,11455,0.19030990833697076
31900,2017,V00-Y99,641,11455,0.05595809690091663
31900,2017,Z00-Z99,8031,11455,0.7010912265386294
31900,2018,A00-B99,1417,10308,0.13746604578967792
31900,2018,C00-D49,1406,10308,0.1363989134652697
31900,2018,D50-D89,603,10308,0.05849825378346915
31900,2018,E00-E89,3395,10308,0.3293558401241754
31900,2018,F01-F99,2653,10308,0.25737291424136594
31900,2018,G00-G99,1959,10308,0.190046565774156
31900,2018,H00-H59,1237,10308,0.12000388048117967
31900,2018,H60-H95,1280,10308,0.12417539774932092
31900,2018,I00-I99,2618,10308,0.2539774932091579
31900,2018,J00-J99,3847,10308,0.37320527745440435
31900,2018,K00-K95,2051,10308,0.19897167248738842
31900,2018,L00-L99,2385,10308,0.23137369033760186
31900,2018,M00-M99,3966,10308,0.38474970896391153
31900,2018,N00-N99,2089,10308,0.2026581296080714
31900,2018,O00-O9A,290,10308,0.02813348855258052
31900,2018,P00-P96,132,10308,0.012805587892898719
31900,2018,Q00-Q99,259,10308,0.025126115638339153
31900,2018,R00-R99,5260,10308,0.5102832751261156
31900,2018,S00-T88,1940,10308,0.18820333721381452
31900,2018,V00-Y99,570,10308,0.05529685681024447
31900,2018,Z00-Z99,7359,10308,0.7139115250291036
31900,2019,A00-B99,1277,9181,0.13909160222198017
31900,2019,C00-D49,1312,9181,0.14290382311295066
31900,2019,D50-D89,596,9181,0.06491667574338307
31900,2019,E00-E89,3213,9181,0.3499618777910903
31900,2019,F01-F99,2599,9181,0.28308463130377953
31900,2019,G00-G99,1882,9181,0.2049885633373271
31900,2019,H00-H59,1096,9181,0.11937697418581854
31900,2019,H60-H95,1192,9181,0.12983335148676614
31900,2019,I00-I99,2446,9181,0.2664197799803943
31900,2019,J00-J99,3574,9181,0.3892822132665287
31900,2019,K00-K95,1936,9181,0.21087027556911012
31900,2019,L00-L99,2135,9181,0.23254547434919942
31900,2019,M00-M99,3528,9181,0.38427186580982464
31900,2019,N00-N99,1979,9181,0.21555386123515957
31900,2019,O00-O9A,270,9181,0.02940856115891515
31900,2019,P00-P96,121,9181,0.013179392223069382
31900,2019,Q00-Q99,250,9181,0.027230149221217734
31900,2019,R00-R99,4902,9181,0.5339287659296373
31900,2019,S00-T88,1805,9181,0.19660167737719203
31900,2019,V00-Y99,602,9181,0.0655701993246923
31900,2019,Z00-Z99,6822,9181,0.7430563119485895
31900,2020,A00-B99,1346,8290,0.1623642943305187
31900,2020,C00-D49,1102,8290,0.13293124246079613
31900,2020,D50-D89,540,8290,0.06513872135102533
31900,2020,E00-E89,2859,8290,0.3448733413751508
31900,2020,F01-F99,2400,8290,0.28950542822677927
31900,2020,G00-G99,1733,8290,0.20904704463208684
31900,2020,H00-H59,838,8290,0.10108564535585042
31900,2020,H60-H95,812,8290,0.09794933655006031
31900,2020,I00-I99,2133,8290,0.25729794933655004
31900,2020,J00-J99,2918,8290,0.35199034981905913
31900,2020,K00-K95,1537,8290,0.18540410132689988
31900,2020,L00-L99,1771,8290,0.21363088057901086
31900,2020,M00-M99,3047,8290,0.3675512665862485
31900,2020,N00-N99,1605,8290,0.19360675512665862
31900,2020,O00-O9A,253,8290,0.030518697225572978
31900,2020,P00-P96,102,8290,0.012303980699638117
31900,2020,Q00-Q99,193,8290,0.023281061519903497
31900,2020,R00-R99,4498,8290,0.5425814234016888
31900,2020,S00-T88,1403,8290,0.16924004825090472
31900,2020,U00-U85,336,8290,0.040530759951749096
31900,2020,V00-Y99,394,8290,0.04752714113389626
31900,2020,Z00-Z99,6624,8290,0.7990349819059107
31900,2021,A00-B99,1211,8356,0.14492580181905218
31900,2021,C00-D49,1111,8356,0.1329583532790809
31900,2021,D50-D89,603,8356,0.07216371469602681
31900,2021,E00-E89,2991,8356,0.35794638583054095
31900,2021,F01-F99,2549,8356,0.30505026328386786
31900,2021,G00-G99,1753,8356,0.2097893729056965
31900,2021,H00-H59,895,8356,0.10710866443274294
31900,2021,H60-H95,836,8356,0.10004786979415989
31900,2021,I00-I99,2151,8356,0.2574198180947822
31900,2021,J00-J99,2807,8356,0.3359262805169938
31900,2021,K00-K95,1585,8356,0.18968405935854477
31900,2021,L00-L99,1892,8356,0.22642412637625658
31900,2021,M00-M99,3169,8356,0.3792484442316898
31900,2021,N00-N99,1726,8356,0.20655816179990427
31900,2021,O00-O9A,253,8356,0.030277644806127334
31900,2021,P00-P96,137,8356,0.016395404499760652
31900,2021,Q00-Q99,212,8356,0.02537099090473911
31900,2021,R00-R99,4665,8356,0.5582814743896601
31900,2021,S00-T88,1467,8356,0.17556247008137865
31900,2021,U00-U85,952,8356,0.11393011010052657
31900,2021,V00-Y99,469,8356,0.05612733365246529
31900,2021,Z00-Z99,7110,8356,0.8508855911919578
44220,2016,A00-B99,1346,10976,0.12263119533527697
44220,2016,C00-D49,1147,10976,0.10450072886297376
44220,2016,D50-D89,615,10976,0.05603134110787172
44220,2016,E00-E89,3767,10976,0.3432033527696793
44220,2016,F01-F99,2856,10976,0.2602040816326531
44220,2016,G00-G99,1950,10976,0.1776603498542274
44220,2016,H00-H59,1473,10976,0.13420189504373178
44220,2016,H60-H95,1272,10976,0.11588921282798834
44220,2016,I00-I99,2679,10976,0.24407798833819241
44220,2016,J00-J99,4643,10976,0.42301384839650147
44220,2016,K00-K95,2362,10976,0.21519679300291544
44220,2016,L00-L99,2270,10976,0.20681486880466474
44220,2016,M00-M99,3725,10976,0.3393768221574344
44220,2016,N00-N99,2376,10976,0.2164723032069971
44220,2016,O00-O9A,378,10976,0.03443877551020408
44220,2016,P00-P96,106,10976,0.009657434402332361
44220,2016,Q00-Q99,295,10976,0.026876822157434404
44220,2016,R00-R99,5981,10976,0.5449161807580175
44220,2016,S00-T88,2101,10976,0.191417638483965
44220,2016,V00-Y99,382,10976,0.03480320699708455
44220,2016,Z00-Z99,7876,10976,0.7175655976676385
44220,2017,A00-B99,1667,12717,0.13108437524573405
44220,2017,C00-D49,1451,12717,0.11409923724148777
44220,2017,D50-D89,814,12717,0.0640088071085948
44220,2017,E00-E89,4460,12717,0.35071164582841863
44220,2017,F01-F99,3475,12717,0.2732562711331289
44220,2017,G00-G99,2408,12717,0.18935283478807896
44220,2017,H00-H59,1509,12717,0.11866006133522057
44220,2017,H60-H95,1535,12717,0.12070456868758354
44220,2017,I00-I99,3151,12717,0.24777856412675944
44220,2017,J00-J99,5599,12717,0.4402767948415507
44220,2017,K00-K95,2902,12717,0.22819847448297553
44220,2017,L00-L99,2717,12717,0.21365101832193129
44220,2017,M00-M99,4431,12717,0.3484312337815523
44220,2017,N00-N99,2933,12717,0.23063615632617757
44220,2017,O00-O9A,473,12717,0.03719430683337265
44220,2017,P00-P96,160,12717,0.0125815837068491
44220,2017,Q00-Q99,354,12717,0.027836753951403632
44220,2017,R00-R99,6986,12717,0.5493433986002988
44220,2017,S00-T88,2433,12717,0.19131870724227412
44220,2017,V00-Y99,435,12717,0.03420618070299599
44220,2017,Z00-Z99,9430,12717,0.7415270897224188
44220,2018,A00-B99,1632,11971,0.13632946286859912
44220,2018,C00-D49,1297,11971,0.10834516748809624
44220,2018,D50-D89,728,11971,0.06081363294628686
44220,2018,E00-E89,4137,11971,0.34558516414668783
44220,2018,F01-F99,3561,11971,0.2974688831342411
44220,2018,G00-G99,2354,11971,0.19664188455433965
44220,2018,H00-H59,1466,11971,0.12246261799348425
44220,2018,H60-H95,1474,11971,0.12313089967421267
44220,2018,I00-I99,3022,11971,0.2524434048951633
44220,2018,J00-J99,5193,11971,0.4337983460028402
44220,2018,K00-K95,2726,11971,0.2277169827082115
44220,2018,L00-L99,2471,11971,0.2064155041349929
44220,2018,M00-M99,4153,11971,0.3469217275081447
44220,2018,N00-N99,2777,11971,0.23197727842285523
44220,2018,O00-O9A,419,11971,0.035001253028151366
44220,2018,P00-P96,134,11971,0.011193718152201153
44220,2018,Q00-Q99,313,11971,0.026146520758499707
44220,2018,R00-R99,6735,11971,0.5626096399632445
44220,2018,S00-T88,2323,11971,0.194052293041517
44220,2018,V00-Y99,405,11971,0.03383176008687662
44220,2018,Z00-Z99,8977,11971,0.7498955809873862
44220,2019,A00-B99,1186,10066,0.11782237234253924
44220,2019,C00-D49,1115,10066,0.11076892509437711
44220,2019,D50-D89,599,10066,0.05950725213590304
44220,2019,E00-E89,3609,10066,0.3585336777270018
44220,2019,F01-F99,3121,10066,0.310053645936817
44220,2019,G00-G99,2063,10066,0.20494734750645738
44220,2019,H00-H59,1326,10066,0.1317305781839857
44220,2019,H60-H95,1375,10066,0.13659845022849196
44220,2019,I00-I99,2550,10066,0.25332803496920325
44220,2019,J00-J99,4273,10066,0.42449831114643355
44220,2019,K00-K95,2322,10066,0.23067752831313332
44220,2019,L00-L99,2145,10066,0.21309358235644746
44220,2019,M00-M99,3587,10066,0.3563481025233459
44220,2019,N00-N99,2324,10066,0.23087621696801114
44220,2019,O00-O9A,362,10066,0.035962646532882975
44220,2019,P00-P96,129,10066,0.012815418239618518
44220,2019,Q00-Q99,284,10066,0.02821378899264852
44220,2019,R00-R99,5746,10066,0.570832505463938
44220,2019,S00-T88,2053,10066,0.20395390423206836
44220,2019,V00-Y99,378,10066,0.037552155771905425
44220,2019,Z00-Z99,7694,10066,0.7643552553149215
44220,2020,A00-B99,1265,10133,0.12483963288266062
44220,2020,C00-D49,1040,10133,0.10263495509720715
44220,2020,D50-D89,645,10133,0.06365340965163328
44220,2020,E00-E89,3577,10133,0.353005033060298
44220,2020,F01-F99,3250,10133,0.3207342346787723
44220,2020,G00-G99,2170,10133,0.2141517813085957
44220,2020,H00-H59,1158,10133,0.11428007500246719
44220,2020,H60-H95,1051,10133,0.10372051712227376
44220,2020,I00-I99,2535,10133,0.2501727030494424
44220,2020,J00-J99,3733,10133,0.3684002763248791
44220,2020,K00-K95,2253,10133,0.22234284022500742
44220,2020,L00-L99,2020,10133,0.19934866278496002
44220,2020,M00-M99,3545,10133,0.34984703444192244
44220,2020,N00-N99,2201,10133,0.21721109247014705
44220,2020,O00-O9A,288,10133,0.02842198756538044
44220,2020,P00-P96,93,10133,0.0091779334846541
44220,2020,Q00-Q99,259,10133,0.025560051317477548
44220,2020,R00-R99,5833,10133,0.5756439356557782
44220,2020,S00-T88,1844,10133,0.1819796703838942
44220,2020,U00-U85,328,10133,0.03236948583834995
44220,2020,V00-Y99,346,10133,0.03414586006118622
44220,2020,Z00-Z99,7875,10133,0.7771637224908714
44220,2021,A00-B99,1387,10377,0.1336609810157078
44220,2021,C00-D49,1138,10377,0.10966560663004722
44220,2021,D50-D89,721,10377,0.06948058205647104
44220,2021,E00-E89,3899,10377,0.37573479811120747
44220,2021,F01-F99,3389,10377,0.3265876457550352
44220,2021,G00-G99,2302,10377,0.22183675436060518
44220,2021,H00-H59,1258,10377,0.12122964247855834
44220,2021,H60-H95,1032,10377,0.09945070829719573
44220,2021,I00-I99,2683,10377,0.258552568179628
44220,2021,J00-J99,3550,10377,0.3421027271851209
44220,2021,K00-K95,2310,10377,0.22260769008383927
44220,2021,L00-L99,2054,10377,0.19793774694034885
44220,2021,M00-M99,3725,10377,0.3589669461308663
44220,2021,N00-N99,2336,10377,0.22511323118435
44220,2021,O00-O9A,331,10377,0.031897465548809865
44220,2021,P00-P96,95,10377,0.009154861713404645
44220,2021,Q00-Q99,267,10377,0.025729979762937265
44220,2021,R00-R99,5907,10377,0.5692396646429604
44220,2021,S00-T88,2038,10377,0.19639587549388068
44220,2021,U00-U85,993,10377,0.0956923966464296
44220,2021,V00-Y99,462,10377,0.04452153801676785
44220,2021,Z00-Z99,8386,10377,0.8081333718801195
44220,2022,A00-B99,1521,9676,0.15719305498139727
44220,2022,C00-D49,1292,9676,0.13352625051674247
44220,2022,D50-D89,757,9676,0.07823480777180652
44220,2022,E00-E89,3958,9676,0.4090533278214138
44220,2022,F01-F99,3461,9676,0.357689127738735
44220,2022,G00-G99,2303,9676,0.23801157503100454
44220,2022,H00-H59,1397,9676,0.14437784208350557
44220,2022,H60-H95,1129,9676,0.1166804464654816
44220,2022,I00-I99,2728,9676,0.2819346837536172
44220,2022,J00-J99,3589,9676,0.3709177346010748
44220,2022,K00-K95,2413,9676,0.24937990905332783
44220,2022,L00-L99,2185,9676,0.22581645307978504
44220,2022,M00-M99,3476,9676,0.35923935510541544
44220,2022,N00-N99,2303,9676,0.23801157503100454
44220,2022,O00-O9A,301,9676,0.031107895824720958
44220,2022,P00-P96,93,9676,0.009611409673418768
44220,2022,Q00-Q99,269,9676,0.027800744109136008
44220,2022,R00-R99,5696,9676,0.5886730053741215
44220,2022,S00-T88,1997,9676,0.20638693675072345
44220,2022,U00-U85,1097,9676,0.11337329474989666
44220,2022,V00-Y99,560,9676,0.05787515502273667
44220,2022,Z00-Z99,7707,9676,0.7965068210004134
45780,2016,A00-B99,16328,111531,0.14639875908940114
45780,2016,C00-D49,13546,111531,0.12145502147385032
45780,2016,D50-D89,6284,111531,0.056343079502559824
45780,2016,E00-E89,35154,111531,0.3151948785539446
45780,2016,F01-F99,29297,111531,0.26268033102904126
45780,2016,G00-G99,19814,111531,0.17765464310371107
45780,2016,H00-H59,22408,111531,0.20091275071504783
45780,2016,H60-H95,13399,111531,0.1201370022684276
45780,2016,I00-I99,26535,111531,0.23791591575436427
45780,2016,J00-J99,41885,111531,0.37554581237503476
45780,2016,K00-K95,21836,111531,0.19578413176605608
45780,2016,L00-L99,24180,111531,0.21680071011646987
45780,2016,M00-M99,40223,111531,0.3606441258484188
45780,2016,N00-N99,23575,111531,0.21137620930503626
45780,2016,O00-O9A,4042,111531,0.036241045090602615
45780,2016,P00-P96,1214,111531,0.010884866091041952
45780,2016,Q00-Q99,3280,111531,0.029408863903309393
45780,2016,R00-R99,57091,111531,0.5118845881414136
45780,2016,S00-T88,22043,111531,0.1976401179941003
45780,2016,V00-Y99,4744,111531,0.04253525925527432
45780,2016,Z00-Z99,83325,111531,0.7471017026656266
45780,2017,A00-B99,18134,113286,0.1600727362604382
45780,2017,C00-D49,14208,113286,0.1254170859594301
45780,2017,D50-D89,6701,113286,0.05915117490245926
45780,2017,E00-E89,36865,113286,0.3254153205162156
45780,2017,F01-F99,30741,113286,0.27135744928764366
45780,2017,G00-G99,21252,113286,0.18759599597478946
45780,2017,H00-H59,23220,113286,0.20496795720565647
45780,2017,H60-H95,13578,113286,0.11985593983369525
45780,2017,I00-I99,27005,113286,0.23837897004042866
45780,2017,J00-J99,43289,113286,0.38212135656656604
45780,2017,K00-K95,22830,113286,0.20152534293734442
45780,2017,L00-L99,25422,113286,0.22440548699751073
45780,2017,M00-M99,40758,113286,0.35977967268682803
45780,2017,N00-N99,24518,113286,0.2164256836678848
45780,2017,O00-O9A,3984,113286,0.03516762883321858
45780,2017,P00-P96,1286,113286,0.011351799869357202
45780,2017,Q00-Q99,3290,113286,0.029041540878837632
45780,2017,R00-R99,59657,113286,0.5266052292428014
45780,2017,S00-T88,22141,113286,0.19544339106332645
45780,2017,V00-Y99,3350,113286,0.029571173843193334
45780,2017,Z00-Z99,86740,113286,0.7656727221368924
45780,2018,A00-B99,18716,108778,0.17205684973064406
45780,2018,C00-D49,13744,108778,0.12634907793855374
45780,2018,D50-D89,6758,108778,0.06212653293864568
45780,2018,E00-E89,36028,108778,0.3312066778208829
45780,2018,F01-F99,31496,108778,0.28954384158561475
45780,2018,G00-G99,21522,108778,0.1978525069407417
45780,2018,H00-H59,22477,108778,0.20663185570611706
45780,2018,H60-H95,13791,108778,0.1267811506003052
45780,2018,I00-I99,25485,108778,0.2342845060582103
45780,2018,J00-J99,41767,108778,0.38396550773134275
45780,2018,K00-K95,21696,108778,0.19945209509275771
45780,2018,L00-L99,24944,108778,0.22931107393039032
45780,2018,M00-M99,38833,108778,0.3569931419956241
45780,2018,N00-N99,23844,108778,0.21919873503833495
45780,2018,O00-O9A,4002,108778,0.03679052749636875
45780,2018,P00-P96,1200,108778,0.011031642427696777
45780,2018,Q00-Q99,3500,108778,0.03217562374744893
45780,2018,R00-R99,59383,108778,0.5459100185699314
45780,2018,S00-T88,21546,108778,0.19807313978929564
45780,2018,V00-Y99,3353,108778,0.030824247550056076
45780,2018,Z00-Z99,85262,108778,0.7838165805585688
45780,2019,A00-B99,15384,95641,0.16085151765456238
45780,2019,C00-D49,12123,95641,0.12675526186468147
45780,2019,D50-D89,5994,95641,0.06267186666806077
45780,2019,E00-E89,31993,95641,0.3345113497349463
45780,2019,F01-F99,29148,95641,0.3047646929664056
45780,2019,G00-G99,19104,95641,0.19974697044154704
45780,2019,H00-H59,20250,95641,0.21172927928398907
45780,2019,H60-H95,12703,95641,0.13281960665405004
45780,2019,I00-I99,22351,95641,0.23369684549513284
45780,2019,J00-J99,37564,95641,0.3927604270135193
45780,2019,K00-K95,19240,95641,0.20116895473698518
45780,2019,L00-L99,22003,95641,0.2300582386215117
45780,2019,M00-M99,34210,95641,0.3576917849039638
45780,2019,N00-N99,20884,95641,0.21835823548478164
45780,2019,O00-O9A,3300,95641,0.03450403069813156
45780,2019,P00-P96,1076,95641,0.011250405160966532
45780,2019,Q00-Q99,3214,95641,0.03360483474660449
45780,2019,R00-R99,52648,95641,0.5504752146046151
45780,2019,S00-T88,18809,95641,0.19666251921247163
45780,2019,V00-Y99,2853,95641,0.02983030290356646
45780,2019,Z00-Z99,75066,95641,0.7848725964805888
45780,2020,A00-B99,14002,90334,0.1550025461066708
45780,2020,C00-D49,11007,90334,0.12184780924126021
45780,2020,D50-D89,5748,90334,0.06363052671197998
45780,2020,E00-E89,29949,90334,0.3315362986251024
45780,2020,F01-F99,27937,90334,0.30926340027010873
45780,2020,G00-G99,17500,90334,0.19372550756082982
45780,2020,H00-H59,14444,90334,0.1598954989262072
45780,2020,H60-H95,9030,90334,0.09996236190138819
45780,2020,I00-I99,20442,90334,0.22629353288905618
45780,2020,J00-J99,28355,90334,0.31389067239356166
45780,2020,K00-K95,16288,90334,0.18030863240861691
45780,2020,L00-L99,19493,90334,0.21578807536475744
45780,2020,M00-M99,30277,90334,0.33516726813824255
45780,2020,N00-N99,18481,90334,0.20458520601323976
45780,2020,O00-O9A,3110,90334,0.034427790200810326
45780,2020,P00-P96,938,90334,0.010383687205260478
45780,2020,Q00-Q99,2923,90334,0.032357694777160315
45780,2020,R00-R99,46861,90334,0.5187526291318884
45780,2020,S00-T88,15625,90334,0.17296920317931233
45780,2020,U00-U85,3569,90334,0.03950893351340581
45780,2020,V00-Y99,2032,90334,0.02249429893506321
45780,2020,Z00-Z99,74039,90334,0.8196138773883588
45780,2022,A00-B99,7973,51302,0.15541304432575728
45780,2022,C00-D49,6585,51302,0.1283575689056957
45780,2022,D50-D89,3808,51302,0.07422712564812288
45780,2022,E00-E89,18178,51302,0.3543331643990488
45780,2022,F01-F99,17049,51302,0.33232622509843673
45780,2022,G00-G99,11131,51302,0.2169700986316323
45780,2022,H00-H59,6710,51302,0.1307941210868972
45780,2022,H60-H95,6421,51302,0.1251608124439593
45780,2022,I00-I99,11909,51302,0.23213519940743052
45780,2022,J00-J99,17872,51302,0.34836848465946746
45780,2022,K00-K95,10252,51302,0.19983626369342325
45780,2022,L00-L99,11417,51302,0.22254493002222137
45780,2022,M00-M99,17242,51302,0.33608826166621186
45780,2022,N00-N99,11048,51302,0.2153522279833145
45780,2022,O00-O9A,1925,51302,0.037522903590503295
45780,2022,P00-P96,579,51302,0.011286109703325406
45780,2022,Q00-Q99,1650,51302,0.03216248879185997
45780,2022,R00-R99,28137,51302,0.5484581497797357
45780,2022,S00-T88,9506,51302,0.18529492027601263
45780,2022,U00-U85,3884,51302,0.0757085493742934
45780,2022,V00-Y99,1450,51302,0.028264005301937546
45780,2022,Z00-Z99,43017,51302,0.8385053214299637
48260,2016,A00-B99,794,6948,0.11427748992515832
48260,2016,C00-D49,886,6948,0.12751871042026483
48260,2016,D50-D89,446,6948,0.06419113413932066
48260,2016,E00-E89,2463,6948,0.3544905008635579
48260,2016,F01-F99,1618,6948,0.2328727691421992
48260,2016,G00-G99,1203,6948,0.17314335060449051
48260,2016,H00-H59,744,6948,0.1070811744386874
48260,2016,H60-H95,783,6948,0.11269430051813471
48260,2016,I00-I99,2031,6948,0.29231433506044907
48260,2016,J00-J99,2660,6948,0.3828439838802533
48260,2016,K00-K95,1657,6948,0.2384858952216465
48260,2016,L00-L99,1458,6948,0.20984455958549222
48260,2016,M00-M99,2718,6948,0.3911917098445596
48260,2016,N00-N99,1448,6948,0.20840529648819806
48260,2016,O00-O9A,159,6948,0.022884283246977548
48260,2016,P00-P96,47,6948,0.006764536557282671
48260,2016,Q00-Q99,146,6948,0.021013241220495107
48260,2016,R00-R99,3901,6948,0.5614565342544617
48260,2016,S00-T88,1580,6948,0.2274035693724813
48260,2016,V00-Y99,453,6948,0.0651986183074266
48260,2016,Z00-Z99,4574,6948,0.6583189407023604
48260,2017,A00-B99,807,6918,0.11665221162185603
48260,2017,C00-D49,905,6918,0.13081815553628215
48260,2017,D50-D89,459,6918,0.0663486556808326
48260,2017,E00-E89,2442,6918,0.35299219427580225
48260,2017,F01-F99,1673,6918,0.241832899681989
48260,2017,G00-G99,1226,6918,0.17721884937843307
48260,2017,H00-H59,799,6918,0.11549580803700492
48260,2017,H60-H95,843,6918,0.12185602775368604
48260,2017,I00-I99,2008,6918,0.2902572997976294
48260,2017,J00-J99,2682,6918,0.3876843018213356
48260,2017,K00-K95,1703,6918,0.24616941312518067
48260,2017,L00-L99,1395,6918,0.20164787510841284
48260,2017,M00-M99,2576,6918,0.3723619543220584
48260,2017,N00-N99,1425,6918,0.2059843885516045
48260,2017,O00-O9A,181,6918,0.026163631107256433
48260,2017,P00-P96,43,6918,0.006215669268574733
48260,2017,Q00-Q99,154,6918,0.022260769008383925
48260,2017,R00-R99,4060,6918,0.5868748193119399
48260,2017,S00-T88,1541,6918,0.22275224053194564
48260,2017,V00-Y99,417,6918,0.060277536860364266
48260,2017,Z00-Z99,4761,6918,0.6882046834345187
48260,2018,A00-B99,719,6287,0.11436297121043423
48260,2018,C00-D49,824,6287,0.13106410052489265
48260,2018,D50-D89,435,6287,0.06919039287418483
48260,2018,E00-E89,2374,6287,0.37760458088118337
48260,2018,F01-F99,1621,6287,0.2578336249403531
48260,2018,G00-G99,1118,6287,0.17782726260537618
48260,2018,H00-H59,736,6287,0.11706696357563226
48260,2018,H60-H95,760,6287,0.12088436456179417
48260,2018,I00-I99,1828,6287,0.29075870844599966
48260,2018,J00-J99,2381,6287,0.3787179895021473
48260,2018,K00-K95,1562,6287,0.24844918084937173
48260,2018,L00-L99,1333,6287,0.21202481310641005
48260,2018,M00-M99,2429,6287,0.38635279147447116
48260,2018,N00-N99,1409,6287,0.22411324956258946
48260,2018,O00-O9A,164,6287,0.026085573405439797
48260,2018,P00-P96,51,6287,0.008111977095594082
48260,2018,Q00-Q99,171,6287,0.027198982026403692
48260,2018,R00-R99,3643,6287,0.579449658024495
48260,2018,S00-T88,1422,6287,0.22618100843009384
48260,2018,V00-Y99,461,6287,0.07332591060919358
48260,2018,Z00-Z99,4567,6287,0.726419595991729
48260,2019,A00-B99,638,5603,0.11386757094413708
48260,2019,C00-D49,742,5603,0.13242905586293058
48260,2019,D50-D89,394,5603,0.07031947171158308
48260,2019,E00-E89,2140,5603,0.3819382473674817
48260,2019,F01-F99,1388,5603,0.24772443333928254
48260,2019,G00-G99,1118,5603,0.19953596287703015
48260,2019,H00-H59,617,5603,0.110119578797073
48260,2019,H60-H95,769,5603,0.1372479029091558
48260,2019,I00-I99,1673,5603,0.2985900410494378
48260,2019,J00-J99,2338,5603,0.4172764590398001
48260,2019,K00-K95,1363,5603,0.24326253792611102
48260,2019,L00-L99,1240,5603,0.22131001249330715
48260,2019,M00-M99,2117,5603,0.3778333035873639
48260,2019,N00-N99,1225,5603,0.21863287524540426
48260,2019,O00-O9A,135,5603,0.024094235231126183
48260,2019,P00-P96,57,5603,0.010173121542031054
48260,2019,Q00-Q99,155,5603,0.027663751561663393
48260,2019,R00-R99,3318,5603,0.5921827592361235
48260,2019,S00-T88,1238,5603,0.22095306086025343
48260,2019,V00-Y99,355,5603,0.06335891486703552
48260,2019,Z00-Z99,4213,5603,0.7519186150276638
48260,2020,A00-B99,595,4703,0.12651499043163938
48260,2020,C00-D49,608,4703,0.12927918349989367
48260,2020,D50-D89,327,4703,0.06953008717839677
48260,2020,E00-E89,1750,4703,0.3721029130342335
48260,2020,F01-F99,1139,4703,0.24218583882628109
48260,2020,G00-G99,943,4703,0.20051031256644694
48260,2020,H00-H59,455,4703,0.0967467573889007
48260,2020,H60-H95,480,4703,0.10206251328938976
48260,2020,I00-I99,1346,4703,0.2862002976823304
48260,2020,J00-J99,1500,4703,0.318945354029343
48260,2020,K00-K95,1090,4703,0.23176695726132257
48260,2020,L00-L99,942,4703,0.20029768233042738
48260,2020,M00-M99,1669,4703,0.35487986391664894
48260,2020,N00-N99,995,4703,0.21156708483946418
48260,2020,O00-O9A,116,4703,0.02466510737826919
48260,2020,P00-P96,27,4703,0.005741016372528174
48260,2020,Q00-Q99,117,4703,0.024877737614288752
48260,2020,R00-R99,2718,4703,0.5779289815011694
48260,2020,S00-T88,920,4703,0.19561981713799703
48260,2020,U00-U85,248,4703,0.05273229853285137
48260,2020,V00-Y99,246,4703,0.052307038060812244
48260,2020,Z00-Z99,3671,4703,0.780565596427812
48260,2021,A00-B99,527,3969,0.1327790375409423
48260,2021,C00-D49,531,3969,0.13378684807256236
48260,2021,D50-D89,317,3969,0.07986898463088939
48260,2021,E00-E89,1587,3969,0.399848828420257
48260,2021,F01-F99,980,3969,0.24691358024691357
48260,2021,G00-G99,822,3969,0.20710506424792138
48260,2021,H00-H59,410,3969,0.10330057949105569
48260,2021,H60-H95,377,3969,0.09498614260519023
48260,2021,I00-I99,1207,3969,0.30410682791635174
48260,2021,J00-J99,1177,3969,0.2965482489292013
48260,2021,K00-K95,987,3969,0.24867724867724866
48260,2021,L00-L99,810,3969,0.20408163265306123
48260,2021,M00-M99,1482,3969,0.37339380196523053
48260,2021,N00-N99,883,3969,0.22247417485512724
48260,2021,O00-O9A,106,3969,0.02670697908793147
48260,2021,P00-P96,34,3969,0.008566389518770472
48260,2021,Q00-Q99,96,3969,0.02418745275888133
48260,2021,R00-R99,2365,3969,0.5958679768203577
48260,2021,S00-T88,815,3969,0.2053413958175863
48260,2021,U00-U85,392,3969,0.09876543209876543
48260,2021,V00-Y99,242,3969,0.06097253716301335
48260,2021,Z00-Z99,3300,3969,0.8314436885865457
48260,2022,A00-B99,484,3878,0.12480660134089737
48260,2022,C00-D49,524,3878,0.13512119649303764
48260,2022,D50-D89,376,3878,0.09695719443011862
48260,2022,E00-E89,1614,3878,0.4161939143888602
48260,2022,F01-F99,1067,3878,0.27514182568334195
48260,2022,G00-G99,845,3878,0.2178958225889634
48260,2022,H00-H59,457,3878,0.11784424961320268
48260,2022,H60-H95,456,3878,0.11758638473439917
48260,2022,I00-I99,1178,3878,0.3037648272305312
48260,2022,J00-J99,1287,3878,0.33187209902011344
48260,2022,K00-K95,989,3878,0.2550283651366684
48260,2022,L00-L99,842,3878,0.21712222795255287
48260,2022,M00-M99,1434,3878,0.369778236204229
48260,2022,N00-N99,929,3878,0.23955647240845795
48260,2022,O00-O9A,139,3878,0.03584321815368747
48260,2022,P00-P96,32,3878,0.008251676121712223
48260,2022,Q00-Q99,98,3878,0.02527075812274368
48260,2022,R00-R99,2352,3878,0.6064981949458483
48260,2022,S00-T88,776,3878,0.2001031459515214
48260,2022,U00-U85,372,3878,0.0959257349149046
48260,2022,V00-Y99,258,3878,0.0665291387313048
48260,2022,Z00-Z99,3129,3878,0.8068592057761733
48540,2016,A00-B99,817,8250,0.09903030303030302
48540,2016,C00-D49,1131,8250,0.1370909090909091
48540,2016,D50-D89,476,8250,0.0576969696969697
48540,2016,E00-E89,2861,8250,0.3467878787878788
48540,2016,F01-F99,1947,8250,0.236
48540,2016,G00-G99,1209,8250,0.14654545454545453
48540,2016,H00-H59,949,8250,0.11503030303030302
48540,2016,H60-H95,851,8250,0.10315151515151515
48540,2016,I00-I99,2220,8250,0.2690909090909091
48540,2016,J00-J99,3031,8250,0.3673939393939394
48540,2016,K00-K95,1725,8250,0.20909090909090908
48540,2016,L00-L99,1638,8250,0.19854545454545455
48540,2016,M00-M99,2957,8250,0.3584242424242424
48540,2016,N00-N99,1695,8250,0.20545454545454545
48540,2016,O00-O9A,212,8250,0.025696969696969697
48540,2016,P00-P96,75,8250,0.00909090909090909
48540,2016,Q00-Q99,190,8250,0.02303030303030303
48540,2016,R00-R99,4426,8250,0.5364848484848485
48540,2016,S00-T88,1781,8250,0.2158787878787879
48540,2016,V00-Y99,281,8250,0.03406060606060606
48540,2016,Z00-Z99,6077,8250,0.7366060606060606
48540,2017,A00-B99,898,8031,0.11181671024778982
48540,2017,C00-D49,1124,8031,0.13995766405179927
48540,2017,D50-D89,453,8031,0.056406425102726934
48540,2017,E00-E89,2833,8031,0.35275806250778236
48540,2017,F01-F99,1995,8031,0.2484124019424729
48540,2017,G00-G99,1271,8031,0.15826173577387623
48540,2017,H00-H59,1002,8031,0.12476652969742248
48540,2017,H60-H95,916,8031,0.11405802515253394
48540,2017,I00-I99,2187,8031,0.27231976092641014
48540,2017,J00-J99,3154,8031,0.39272817830905243
48540,2017,K00-K95,1765,8031,0.21977337815963144
48540,2017,L00-L99,1741,8031,0.21678495828663927
48540,2017,M00-M99,2907,8031,0.3619723571161748
48540,2017,N00-N99,1561,8031,0.1943718092391981
48540,2017,O00-O9A,213,8031,0.02652222637280538
48540,2017,P00-P96,69,8031,0.008591707134852447
48540,2017,Q00-Q99,197,8031,0.024529946457477275
48540,2017,R00-R99,4379,8031,0.5452621093263603
48540,2017,S00-T88,1714,8031,0.2134229859295231
48540,2017,V00-Y99,372,8031,0.04632050803137841
48540,2017,Z00-Z99,6100,8031,0.7595567177188395
48540,2018,A00-B99,622,5435,0.11444342226310948
48540,2018,C00-D49,732,5435,0.13468261269549217
48540,2018,D50-D89,286,5435,0.05262189512419503
48540,2018,E00-E89,1950,5435,0.35878564857405704
48540,2018,F01-F99,1373,5435,0.25262189512419503
48540,2018,G00-G99,900,5435,0.1655933762649494
48540,2018,H00-H59,586,5435,0.1078196872125115
48540,2018,H60-H95,630,5435,0.11591536338546458
48540,2018,I00-I99,1460,5435,0.2686292548298068
48540,2018,J00-J99,2040,5435,0.37534498620055196
48540,2018,K00-K95,1185,5435,0.21803127874885003
48540,2018,L00-L99,1181,5435,0.21729530818767248
48540,2018,M00-M99,2009,5435,0.36964121435142594
48540,2018,N00-N99,1041,5435,0.19153633854645813
48540,2018,O00-O9A,153,5435,0.028150873965041397
48540,2018,P00-P96,62,5435,0.01140754369825207
48540,2018,Q00-Q99,129,5435,0.023735050597976082
48540,2018,R00-R99,3000,5435,0.5519779208831647
48540,2018,S00-T88,1112,5435,0.2045998160073597
48540,2018,V00-Y99,224,5435,0.041214351425942965
48540,2018,Z00-Z99,4100,5435,0.7543698252069917
48540,2019,A00-B99,621,5304,0.1170814479638009
48540,2019,C00-D49,756,5304,0.1425339366515837
48540,2019,D50-D89,291,5304,0.05486425339366516
48540,2019,E00-E89,1878,5304,0.35407239819004527
48540,2019,F01-F99,1383,5304,0.26074660633484165
48540,2019,G00-G99,911,5304,0.17175716440422323
48540,2019,H00-H59,604,5304,0.1138763197586727
48540,2019,H60-H95,671,5304,0.12650829562594268
48540,2019,I00-I99,1421,5304,0.2679110105580694
48540,2019,J00-J99,1976,5304,0.37254901960784315
48540,2019,K00-K95,1148,5304,0.21644042232277527
48540,2019,L00-L99,1188,5304,0.2239819004524887
48540,2019,M00-M99,1988,5304,0.37481146304675717
48540,2019,N00-N99,1052,5304,0.19834087481146304
48540,2019,O00-O9A,145,5304,0.02733785822021116
48540,2019,P00-P96,36,5304,0.006787330316742082
48540,2019,Q00-Q99,136,5304,0.02564102564102564
48540,2019,R00-R99,3060,5304,0.5769230769230769
48540,2019,S00-T88,1086,5304,0.20475113122171945
48540,2019,V00-Y99,275,5304,0.05184766214177979
48540,2019,Z00-Z99,4121,5304,0.7769607843137255
48540,2020,A00-B99,548,5046,0.1086008719778042
48540,2020,C00-D49,642,5046,0.1272294887039239
48540,2020,D50-D89,279,5046,0.055291319857312726
48540,2020,E00-E89,1786,5046,0.35394371779627426
48540,2020,F01-F99,1385,5046,0.2744748315497424
48540,2020,G00-G99,881,5046,0.17459373761395164
48540,2020,H00-H59,495,5046,0.0980975029726516
48540,2020,H60-H95,479,5046,0.09492667459373762
48540,2020,I00-I99,1334,5046,0.26436781609195403
48540,2020,J00-J99,1645,5046,0.32600079270709476
48540,2020,K00-K95,1080,5046,0.2140309155766944
48540,2020,L00-L99,1044,5046,0.20689655172413793
48540,2020,M00-M99,1731,5046,0.34304399524375745
48540,2020,N00-N99,1006,5046,0.1993658343242172
48540,2020,O00-O9A,146,5046,0.02893380895759017
48540,2020,P00-P96,52,5046,0.010305192231470472
48540,2020,Q00-Q99,110,5046,0.02179944510503369
48540,2020,R00-R99,2892,5046,0.5731272294887039
48540,2020,S00-T88,853,5046,0.16904478795085215
48540,2020,U00-U85,207,5046,0.04102259215219976
48540,2020,V00-Y99,290,5046,0.05747126436781609
48540,2020,Z00-Z99,4164,5046,0.8252080856123662
48540,2021,A00-B99,502,4939,0.10164000809880543
48540,2021,C00-D49,671,4939,0.1358574610244989
48540,2021,D50-D89,287,4939,0.05810892893298238
48540,2021,E00-E89,1850,4939,0.3745697509617331
48540,2021,F01-F99,1404,4939,0.2842680704596072
48540,2021,G00-G99,897,4939,0.18161571168252683
48540,2021,H00-H59,491,4939,0.09941283660660052
48540,2021,H60-H95,522,4939,0.10568941081190525
48540,2021,I00-I99,1402,4939,0.28386313018829723
48540,2021,J00-J99,1582,4939,0.3203077546061956
48540,2021,K00-K95,1078,4939,0.2182628062360802
48540,2021,L00-L99,1049,4939,0.21239117230208543
48540,2021,M00-M99,1729,4939,0.35007086454747927
48540,2021,N00-N99,945,4939,0.1913342781939664
48540,2021,O00-O9A,111,4939,0.022474185057703988
48540,2021,P00-P96,49,4939,0.009921036647094554
48540,2021,Q00-Q99,129,4939,0.026118647499493823
48540,2021,R00-R99,2918,4939,0.5908078558412634
48540,2021,S00-T88,919,4939,0.18607005466693663
48540,2021,U00-U85,565,4939,0.11439562664506986
48540,2021,V00-Y99,322,4939,0.06519538368090706
48540,2021,Z00-Z99,4168,4939,0.843895525410002
48540,2022,A00-B99,582,4567,0.12743595358003065
48540,2022,C00-D49,692,4567,0.15152178673089556
48540,2022,D50-D89,307,4567,0.0672213707028684
48540,2022,E00-E89,1834,4567,0.4015765272607839
48540,2022,F01-F99,1401,4567,0.3067659294941975
48540,2022,G00-G99,939,4567,0.2056054302605649
48540,2022,H00-H59,578,4567,0.1265601051018174
48540,2022,H60-H95,565,4567,0.12371359754762426
48540,2022,I00-I99,1334,4567,0.29209546748412524
48540,2022,J00-J99,1562,4567,0.34201883074228157
48540,2022,K00-K95,1109,4567,0.24282899058462887
48540,2022,L00-L99,1003,4567,0.21961900591197722
48540,2022,M00-M99,1705,4567,0.373330413838406
48540,2022,N00-N99,971,4567,0.21261221808627107
48540,2022,O00-O9A,92,4567,0.02014451499890519
48540,2022,P00-P96,43,4567,0.009415371140792644
48540,2022,Q00-Q99,139,4567,0.0304357346179111
48540,2022,R00-R99,2780,4567,0.6087146923582221
48540,2022,S00-T88,883,4567,0.19334355156557914
48540,2022,U00-U85,469,4567,0.1026932340705058
48540,2022,V00-Y99,355,4567,0.07773155244142764
48540,2022,Z00-Z99,3769,4567,0.8252682285964528
49660,2016,A00-B99,5578,40925,0.13629810629199757
49660,2016,C00-D49,5148,40925,0.12579108124618205
49660,2016,D50-D89,3118,40925,0.076188149053146
49660,2016,E00-E89,16290,40925,0.398045204642639
49660,2016,F01-F99,10191,40925,0.24901649358582773
49660,2016,G00-G99,7153,40925,0.17478313989004277
49660,2016,H00-H59,4906,40925,0.11987782529016494
49660,2016,H60-H95,4697,40925,0.11477092241905926
49660,2016,I00-I99,11836,40925,0.2892119731215638
49660,2016,J00-J99,15981,40925,0.390494807574832
49660,2016,K00-K95,8837,40925,0.21593158216249236
49660,2016,L00-L99,8763,40925,0.2141233964569334
49660,2016,M00-M99,16055,40925,0.392302993280391
49660,2016,N00-N99,10133,40925,0.24759926695174098
49660,2016,O00-O9A,1113,40925,0.02719609040928528
49660,2016,P00-P96,388,40925,0.009480757483200977
49660,2016,Q00-Q99,1115,40925,0.027244960293219305
49660,2016,R00-R99,22301,40925,0.5449236408063531
49660,2016,S00-T88,9083,40925,0.22194257788637753
49660,2016,V00-Y99,1573,40925,0.03843616371411118
49660,2016,Z00-Z99,29258,40925,0.7149175320708613
49660,2017,A00-B99,5870,41181,0.14254146329618028
49660,2017,C00-D49,5430,41181,0.1318569243097545
49660,2017,D50-D89,3068,41181,0.07450037638716885
49660,2017,E00-E89,16662,41181,0.4046040649814235
49660,2017,F01-F99,10189,41181,0.24741992666520968
49660,2017,G00-G99,7420,41181,0.18018018018018017
49660,2017,H00-H59,4921,41181,0.11949685534591195
49660,2017,H60-H95,4676,41181,0.11354750977392487
49660,2017,I00-I99,11563,41181,0.28078482795463927
49660,2017,J00-J99,16494,41181,0.4005245137320609
49660,2017,K00-K95,8767,41181,0.21288943930453363
49660,2017,L00-L99,8998,41181,0.2184988222724072
49660,2017,M00-M99,15764,41181,0.3827978922318545
49660,2017,N00-N99,10063,41181,0.24436026322818777
49660,2017,O00-O9A,1093,41181,0.026541366164007672
49660,2017,P00-P96,358,41181,0.00869332944804643
49660,2017,Q00-Q99,1071,41181,0.026007139214686385
49660,2017,R00-R99,22593,41181,0.5486267939098127
49660,2017,S00-T88,8735,41181,0.2121123819237027
49660,2017,V00-Y99,1451,41181,0.035234695612054105
49660,2017,Z00-Z99,29643,41181,0.7198222481241349
49660,2018,A00-B99,5550,37258,0.14896129690267862
49660,2018,C00-D49,4836,37258,0.1297976273551989
49660,2018,D50-D89,2732,37258,0.07332653389876
49660,2018,E00-E89,14783,37258,0.3967738472274411
49660,2018,F01-F99,9836,37258,0.26399699393418863
49660,2018,G00-G99,6736,37258,0.180793386655215
49660,2018,H00-H59,4323,37258,0.11602877234419454
49660,2018,H60-H95,4250,37258,0.11406946159214129
49660,2018,I00-I99,10093,37258,0.2708948413763487
49660,2018,J00-J99,14696,37258,0.39443877824896667
49660,2018,K00-K95,7840,37258,0.21042460679585592
49660,2018,L00-L99,8268,37258,0.22191207257501744
49660,2018,M00-M99,14150,37258,0.37978420741854096
49660,2018,N00-N99,8726,37258,0.2342047345536529
49660,2018,O00-O9A,1038,37258,0.027859788501798273
49660,2018,P00-P96,366,37258,0.00982339363358205
49660,2018,Q00-Q99,978,37258,0.026249396102850396
49660,2018,R00-R99,20443,37258,0.5486875301948575
49660,2018,S00-T88,7712,37258,0.20698910301143378
49660,2018,V00-Y99,1286,37258,0.034516077084116165
49660,2018,Z00-Z99,27744,37258,0.7446454452734983
49660,2019,A00-B99,3309,22852,0.14480133029931735
49660,2019,C00-D49,3052,22852,0.1335550498862244
49660,2019,D50-D89,1820,22852,0.07964291965692281
49660,2019,E00-E89,9329,22852,0.4082356030106774
49660,2019,F01-F99,6402,22852,0.2801505338701208
49660,2019,G00-G99,4343,22852,0.19004901102748117
49660,2019,H00-H59,2813,22852,0.12309644670050761
49660,2019,H60-H95,2780,22852,0.12165237178365132
49660,2019,I00-I99,6389,22852,0.27958165587257133
49660,2019,J00-J99,9290,22852,0.40652896901802904
49660,2019,K00-K95,4780,22852,0.20917206371433572
49660,2019,L00-L99,5214,22852,0.22816383686329425
49660,2019,M00-M99,8928,22852,0.3906879047785752
49660,2019,N00-N99,5204,22852,0.2277262384036408
49660,2019,O00-O9A,526,22852,0.023017678977769997
49660,2019,P00-P96,171,22852,0.0074829336600735165
49660,2019,Q00-Q99,562,22852,0.024593033432522317
49660,2019,R00-R99,12613,22852,0.5519429371608612
49660,2019,S00-T88,4804,22852,0.21022230001750394
49660,2019,V00-Y99,883,22852,0.03863994398739717
49660,2019,Z00-Z99,16907,22852,0.7398477157360406
49660,2020,A00-B99,2355,17722,0.13288567881728924
49660,2020,C00-D49,2227,17722,0.12566301771809052
49660,2020,D50-D89,1367,17722,0.077135763457849
49660,2020,E00-E89,7447,17722,0.420212165669789
49660,2020,F01-F99,5042,17722,0.28450513486062523
49660,2020,G00-G99,3395,17722,0.19156980024827897
49660,2020,H00-H59,1892,17722,0.10675995937253131
49660,2020,H60-H95,1662,17722,0.09378174020990859
49660,2020,I00-I99,4972,17722,0.2805552420720009
49660,2020,J00-J99,5934,17722,0.3348380543956664
49660,2020,K00-K95,3602,17722,0.20325019749463943
49660,2020,L00-L99,3795,17722,0.214140616183275
49660,2020,M00-M99,6653,17722,0.3754090960388218
49660,2020,N00-N99,4071,17722,0.2297144791784223
49660,2020,O00-O9A,397,17722,0.02240153481548358
49660,2020,P00-P96,162,17722,0.0091411804536734
49660,2020,Q00-Q99,434,17722,0.024489335289470716
49660,2020,R00-R99,9873,17722,0.55710416431554
49660,2020,S00-T88,3305,17722,0.18649136666290486
49660,2020,U00-U85,767,17722,0.04327953955535493
49660,2020,V00-Y99,903,17722,0.05095361697325358
49660,2020,Z00-Z99,14117,17722,0.7965805213858481
49660,2021,A00-B99,2292,17942,0.1277449559692342
49660,2021,C00-D49,2475,17942,0.1379444877940029
49660,2021,D50-D89,1440,17942,0.08025861108014715
49660,2021,E00-E89,7644,17942,0.42603946048378105
49660,2021,F01-F99,5358,17942,0.2986289153940475
49660,2021,G00-G99,3554,17942,0.19808271095752983
49660,2021,H00-H59,1960,17942,0.10924088730353361
49660,2021,H60-H95,1769,17942,0.09859547430609743
49660,2021,I00-I99,4887,17942,0.27237766135324937
49660,2021,J00-J99,5689,17942,0.31707724891316463
49660,2021,K00-K95,3867,17942,0.21552781183814512
49660,2021,L00-L99,3990,17942,0.2223832348679077
49660,2021,M00-M99,6985,17942,0.38930999888529705
49660,2021,N00-N99,4130,17942,0.23018615538958867
49660,2021,O00-O9A,424,17942,0.02363170215137666
49660,2021,P00-P96,163,17942,0.00908482889309999
49660,2021,Q00-Q99,483,17942,0.026920075799799353
49660,2021,R00-R99,10242,17942,0.5708393713075466
49660,2021,S00-T88,3493,17942,0.19468286701594026
49660,2021,U00-U85,1582,17942,0.08817300189499498
49660,2021,V00-Y99,1102,17942,0.06142013153494594
49660,2021,Z00-Z99,15156,17942,0.8447218816185487
